id;d;dy;date;proklad;tg;tn;t2;t1_1;t1_2;t1_3;t1_4;qp_1;qo_1;qp_2;qo_2;qp_3;qo_3;qp_4;qo_4;qp_1gt5000;qo_1gt5000;qp_2gt5000;qo_2gt5000;qp_3gt5000;qo_3gt5000;qp_4gt5000;qo_4gt5000;mode
1;18;0;1;К;5;5;50;65;90;110;110;22;17;28;17;33;17;33;17;22;17;28;17;33;17;33;17;NULL
2;25;0;1;К;5;5;50;65;90;110;110;24;18;30;18;35;18;35;18;24;18;30;18;35;18;35;18;NULL
3;32;0;1;К;5;5;50;65;90;110;110;25;20;32;20;38;20;38;20;25;20;32;20;38;20;38;20;NULL
4;38;0;1;К;5;5;50;65;90;110;110;26;21;34;21;40;21;40;21;26;21;34;21;40;21;40;21;NULL
5;45;0;1;К;5;5;50;65;90;110;110;28;22;36;22;42;22;42;22;28;22;36;22;42;22;42;22;NULL
6;57;0;1;К;5;5;50;65;90;110;110;31;25;40;25;47;25;47;25;31;25;40;25;47;25;47;25;NULL
7;76;0;1;К;5;5;50;65;90;110;110;35;29;45;29;53;29;53;29;35;29;45;29;53;29;53;29;NULL
8;89;0;1;К;5;5;50;65;90;110;110;38;31;49;31;57;31;57;31;38;31;49;31;57;31;57;31;NULL
9;108;0;1;К;5;5;50;65;90;110;110;42;34;54;34;62;34;62;34;42;34;54;34;62;34;62;34;NULL
10;133;0;1;К;5;5;50;65;90;110;110;45;36;59;36;68;36;68;36;45;36;59;36;68;36;68;36;NULL
11;159;0;1;К;5;5;50;65;90;110;110;52;42;65;42;75;42;75;42;52;42;65;42;75;42;75;42;NULL
12;194;0;1;К;5;5;50;65;90;110;110;56;45;74;45;83;45;83;45;56;45;74;45;83;45;83;45;NULL
13;219;0;1;К;5;5;50;65;90;110;110;62;51;79;51;91;51;91;51;62;51;79;51;91;51;91;51;NULL
14;273;0;1;К;5;5;50;65;90;110;110;72;60;90;60;103;60;103;60;72;60;90;60;103;60;103;60;NULL
15;325;0;1;К;5;5;50;65;90;110;110;81;68;100;68;115;68;115;68;81;68;100;68;115;68;115;68;NULL
16;377;0;1;К;5;5;50;65;90;110;110;88;76;107;76;126;76;126;76;90;76;107;76;126;76;126;76;NULL
17;426;0;1;К;5;5;50;65;90;110;110;98;82;121;82;137;82;137;82;99;82;121;82;137;82;137;82;NULL
18;480;0;1;К;5;5;50;65;90;110;110;107;91;132;91;150;91;150;91;110;91;132;91;150;91;150;91;NULL
19;530;0;1;К;5;5;50;65;90;110;110;115;101;142;101;160;101;160;101;120;101;142;101;160;101;160;101;NULL
20;630;0;1;К;5;5;50;65;90;110;110;132;114;163;114;184;114;184;114;138;114;163;114;184;114;184;114;NULL
21;720;0;1;К;5;5;50;65;90;110;110;147;125;181;125;202;125;202;125;155;125;181;125;202;125;202;125;NULL
22;820;0;1;К;5;5;50;65;90;110;110;163;141;200;141;223;141;223;141;174;141;200;141;223;141;223;141;NULL
23;920;0;1;К;5;5;50;65;90;110;110;178;155;218;155;224;155;224;155;193;155;218;155;224;155;224;155;NULL
24;1020;0;1;К;5;5;50;65;90;110;110;196;170;240;170;266;170;266;170;212;170;240;170;266;170;266;170;NULL
25;1220;0;1;К;5;5;50;65;90;110;110;229;200;282;200;308;200;308;200;229;200;282;200;308;200;308;200;NULL
26;1420;0;1;К;5;5;50;65;90;110;110;260;228;326;228;352;228;352;228;260;228;326;228;352;228;352;228;NULL
27;18;0;1;Б;5;5;50;65;90;110;110;22;17;28;17;33;17;33;17;22;17;28;17;33;17;33;17;NULL
28;25;0;1;Б;5;5;50;65;90;110;110;24;18;30;18;35;18;35;18;24;18;30;18;35;18;35;18;NULL
29;0;15;4;Н;50;50;50;50;100;150;150;9;NULL;15;NULL;24;NULL;24;NULL;8;NULL;15;NULL;21;NULL;21;NULL;NULL
30;0;20;4;Н;50;50;50;50;100;150;150;9;NULL;18;NULL;27;NULL;27;NULL;9;NULL;16;NULL;24;NULL;24;NULL;NULL
31;0;25;4;Н;50;50;50;50;100;150;150;10;NULL;20;NULL;29;NULL;29;NULL;9;NULL;17;NULL;27;NULL;27;NULL;NULL
32;0;40;4;Н;50;50;50;50;100;150;150;12;NULL;22;NULL;34;NULL;34;NULL;10;NULL;20;NULL;30;NULL;30;NULL;NULL
33;0;50;4;Н;50;50;50;50;100;150;150;14;NULL;25;NULL;37;NULL;37;NULL;12;NULL;22;NULL;33;NULL;33;NULL;NULL
34;0;65;4;Н;50;50;50;50;100;150;150;15;NULL;28;NULL;41;NULL;41;NULL;14;NULL;25;NULL;37;NULL;37;NULL;NULL
35;0;80;4;Н;50;50;50;50;100;150;150;17;NULL;31;NULL;45;NULL;45;NULL;15;NULL;27;NULL;40;NULL;40;NULL;NULL
36;0;100;4;Н;50;50;50;50;100;150;150;19;NULL;34;NULL;49;NULL;49;NULL;16;NULL;29;NULL;43;NULL;43;NULL;NULL
37;0;125;4;Н;50;50;50;50;100;150;150;22;NULL;38;NULL;54;NULL;54;NULL;18;NULL;33;NULL;47;NULL;47;NULL;NULL
38;0;150;4;Н;50;50;50;50;100;150;150;23;NULL;41;NULL;60;NULL;60;NULL;20;NULL;36;NULL;52;NULL;52;NULL;NULL
39;0;200;4;Н;50;50;50;50;100;150;150;29;NULL;51;NULL;71;NULL;71;NULL;24;NULL;43;NULL;62;NULL;62;NULL;NULL
40;0;250;4;Н;50;50;50;50;100;150;150;34;NULL;58;NULL;82;NULL;82;NULL;28;NULL;49;NULL;71;NULL;71;NULL;NULL
41;0;300;4;Н;50;50;50;50;100;150;150;38;NULL;65;NULL;91;NULL;91;NULL;34;NULL;58;NULL;82;NULL;82;NULL;NULL
42;0;350;4;Н;50;50;50;50;100;150;150;46;NULL;79;NULL;110;NULL;110;NULL;39;NULL;66;NULL;93;NULL;93;NULL;NULL
43;0;400;4;Н;50;50;50;50;100;150;150;52;NULL;86;NULL;120;NULL;120;NULL;42;NULL;72;NULL;101;NULL;101;NULL;NULL
44;0;25;3;Б;50;50;50;65;90;110;110;13;9;19;9;22;8;22;8;12;8;17;8;21;7;21;7;NULL
45;0;30;3;Б;50;50;50;65;90;110;110;14;9;20;9;24;9;24;9;13;9;17;9;22;8;22;8;NULL
46;0;40;3;Б;50;50;50;65;90;110;110;16;10;22;10;27;9;27;9;14;9;19;9;23;9;23;9;NULL
47;0;50;3;Б;50;50;50;65;90;110;110;16;11;24;11;29;10;29;10;15;10;21;10;26;9;26;9;NULL
48;0;65;3;Б;50;50;50;65;90;110;110;20;14;28;12;34;11;34;11;17;11;25;11;29;10;29;10;NULL
49;0;80;3;Б;50;50;50;65;90;110;110;22;15;30;13;37;12;37;12;18;12;27;12;32;11;32;11;NULL
50;0;100;3;Б;50;50;50;65;90;110;110;24;16;34;14;41;14;41;14;21;14;30;13;35;12;35;12;NULL
51;0;125;3;Б;50;50;50;65;90;110;110;25;17;36;15;45;15;45;15;22;16;33;14;37;13;37;13;NULL
52;0;150;3;Б;50;50;50;65;90;110;110;28;19;40;16;47;16;47;16;23;16;36;15;41;14;41;14;NULL
53;0;200;3;Б;50;50;50;65;90;110;110;35;22;47;19;61;17;61;17;28;20;42;16;50;16;50;16;NULL
54;0;250;3;Б;50;50;50;65;90;110;110;40;26;56;22;68;18;68;18;33;22;47;18;57;17;57;17;NULL
55;0;300;3;Б;50;50;50;65;90;110;110;46;29;64;23;76;21;76;21;37;24;52;21;61;18;61;18;NULL
56;0;350;3;Б;50;50;50;65;90;110;110;50;32;68;25;84;22;84;22;40;27;55;22;69;19;69;19;NULL
57;0;400;3;Б;50;50;50;65;90;110;110;56;34;75;28;91;22;91;22;43;28;60;24;74;21;74;21;NULL
58;0;450;3;Б;50;50;50;65;90;110;110;60;36;82;28;99;23;99;23;47;31;68;27;78;22;78;22;NULL
59;0;500;3;Б;50;50;50;65;90;110;110;65;40;92;31;112;24;112;24;50;32;72;28;86;23;86;23;NULL
60;0;600;3;Б;50;50;50;65;90;110;110;72;42;103;33;125;26;125;26;58;36;80;30;97;27;97;27;NULL
61;0;700;3;Б;50;50;50;65;90;110;110;78;47;120;35;135;28;135;28;66;41;92;32;110;27;110;27;NULL
62;0;800;3;Б;50;50;50;65;90;110;110;91;53;129;39;156;31;156;31;73;44;103;33;120;29;120;29;NULL
63;0;900;3;Б;50;50;50;65;90;110;110;101;55;140;41;172;32;172;32;78;48;110;37;129;32;129;32;NULL
64;0;1000;3;Б;50;50;50;65;90;110;110;111;57;146;44;183;36;183;36;86;52;121;40;141;34;141;34;NULL
65;0;1200;3;Б;50;50;50;65;90;110;110;135;63;188;47;220;40;220;40;98;58;136;46;164;38;164;38;NULL
66;0;1400;3;Б;50;50;50;65;90;110;110;149;66;208;51;236;42;236;42;112;60;154;50;193;41;193;41;NULL
67;0;25;3;К;50;50;50;65;90;110;110;13;9;19;9;22;8;22;8;12;8;17;8;21;7;21;7;NULL
68;0;30;3;К;50;50;50;65;90;110;110;14;9;20;9;24;9;24;9;13;9;17;9;22;8;22;8;NULL
69;0;40;3;К;50;50;50;65;90;110;110;16;10;22;10;27;9;27;9;14;9;19;9;23;9;23;9;NULL
70;0;50;3;К;50;50;50;65;90;110;110;16;11;24;11;29;10;29;10;15;10;21;10;26;9;26;9;NULL
71;0;65;3;К;50;50;50;65;90;110;110;20;14;28;12;34;11;34;11;17;11;25;11;29;10;29;10;NULL
72;0;80;3;К;50;50;50;65;90;110;110;22;15;30;13;37;12;37;12;18;12;27;12;32;11;32;11;NULL
73;0;100;3;К;50;50;50;65;90;110;110;24;16;34;14;41;14;41;14;21;14;30;13;35;12;35;12;NULL
74;0;125;3;К;50;50;50;65;90;110;110;25;17;36;15;45;15;45;15;22;16;33;14;37;13;37;13;NULL
75;0;150;3;К;50;50;50;65;90;110;110;28;19;40;16;47;16;47;16;23;16;36;15;41;14;41;14;NULL
76;0;200;3;К;50;50;50;65;90;110;110;35;22;47;19;61;17;61;17;28;20;42;16;50;16;50;16;NULL
77;0;250;3;К;50;50;50;65;90;110;110;40;26;56;22;68;18;68;18;33;22;47;18;57;17;57;17;NULL
78;0;300;3;К;50;50;50;65;90;110;110;46;29;64;23;76;21;76;21;37;24;52;21;61;18;61;18;NULL
79;0;350;3;К;50;50;50;65;90;110;110;50;32;68;25;84;22;84;22;40;27;55;22;69;19;69;19;NULL
80;0;400;3;К;50;50;50;65;90;110;110;56;34;75;28;91;22;91;22;43;28;60;24;74;21;74;21;NULL
81;0;450;3;К;50;50;50;65;90;110;110;60;36;82;28;99;23;99;23;47;31;68;27;78;22;78;22;NULL
82;0;500;3;К;50;50;50;65;90;110;110;65;40;92;31;112;24;112;24;50;32;72;28;86;23;86;23;NULL
83;0;600;3;К;50;50;50;65;90;110;110;72;42;103;33;125;26;125;26;58;36;80;30;97;27;97;27;NULL
84;0;700;3;К;50;50;50;65;90;110;110;78;47;120;35;135;28;135;28;66;41;92;32;110;27;110;27;NULL
85;0;800;3;К;50;50;50;65;90;110;110;91;53;129;39;156;31;156;31;73;44;103;33;120;29;120;29;NULL
86;0;900;3;К;50;50;50;65;90;110;110;101;55;140;41;172;32;172;32;78;48;110;37;129;32;129;32;NULL
87;0;1000;3;К;50;50;50;65;90;110;110;111;57;146;44;183;36;183;36;86;52;121;40;141;34;141;34;NULL
88;0;1200;3;К;50;50;50;65;90;110;110;135;63;188;47;220;40;220;40;98;58;136;46;164;38;164;38;NULL
89;0;1400;3;К;50;50;50;65;90;110;110;149;66;208;51;236;42;236;42;112;60;154;50;193;41;193;41;NULL
90;0;25;3;Н;50;50;50;50;100;150;150;10;NULL;20;NULL;29;NULL;29;NULL;9;NULL;17;NULL;26;NULL;26;NULL;NULL
91;0;40;3;Н;50;50;50;50;100;150;150;13;NULL;23;NULL;34;NULL;34;NULL;10;NULL;21;NULL;31;NULL;31;NULL;NULL
92;0;50;3;Н;50;50;50;50;100;150;150;14;NULL;26;NULL;38;NULL;38;NULL;12;NULL;22;NULL;33;NULL;33;NULL;NULL
93;0;65;3;Н;50;50;50;50;100;150;150;16;NULL;29;NULL;43;NULL;43;NULL;13;NULL;25;NULL;38;NULL;38;NULL;NULL
94;0;80;3;Н;50;50;50;50;100;150;150;18;NULL;32;NULL;47;NULL;47;NULL;15;NULL;28;NULL;41;NULL;41;NULL;NULL
95;0;100;3;Н;50;50;50;50;100;150;150;20;NULL;35;NULL;52;NULL;52;NULL;16;NULL;30;NULL;45;NULL;45;NULL;NULL
96;0;125;3;Н;50;50;50;50;100;150;150;22;NULL;40;NULL;57;NULL;57;NULL;19;NULL;34;NULL;49;NULL;49;NULL;NULL
97;0;15;3;Н;50;50;50;50;100;150;150;8;NULL;16;NULL;24;NULL;24;NULL;7;NULL;14;NULL;21;NULL;21;NULL;NULL
98;0;20;3;Н;50;50;50;50;100;150;150;9;NULL;18;NULL;27;NULL;27;NULL;8;NULL;16;NULL;24;NULL;24;NULL;NULL
99;0;150;3;Н;50;50;50;50;100;150;150;25;NULL;45;NULL;63;NULL;63;NULL;21;NULL;38;NULL;53;NULL;53;NULL;NULL
100;0;200;3;Н;50;50;50;50;100;150;150;31;NULL;54;NULL;77;NULL;77;NULL;26;NULL;46;NULL;65;NULL;65;NULL;NULL
101;0;250;3;Н;50;50;50;50;100;150;150;36;NULL;62;NULL;89;NULL;89;NULL;30;NULL;53;NULL;74;NULL;74;NULL;NULL
102;0;300;3;Н;50;50;50;50;100;150;150;41;NULL;72;NULL;99;NULL;99;NULL;34;NULL;59;NULL;83;NULL;83;NULL;NULL
103;0;350;3;Н;50;50;50;50;100;150;150;47;NULL;79;NULL;109;NULL;109;NULL;39;NULL;65;NULL;91;NULL;91;NULL;NULL
104;0;400;3;Н;50;50;50;50;100;150;150;52;NULL;86;NULL;120;NULL;120;NULL;42;NULL;72;NULL;99;NULL;99;NULL;NULL
105;0;450;3;Н;50;50;50;50;100;150;150;57;NULL;93;NULL;128;NULL;128;NULL;46;NULL;76;NULL;106;NULL;106;NULL;NULL
106;0;500;3;Н;50;50;50;50;100;150;150;62;NULL;101;NULL;140;NULL;140;NULL;50;NULL;83;NULL;116;NULL;116;NULL;NULL
107;0;600;3;Н;50;50;50;50;100;150;150;71;NULL;116;NULL;159;NULL;159;NULL;57;NULL;95;NULL;131;NULL;131;NULL;NULL
108;0;700;3;Н;50;50;50;50;100;150;150;81;NULL;130;NULL;177;NULL;177;NULL;65;NULL;105;NULL;146;NULL;146;NULL;NULL
109;0;800;3;Н;50;50;50;50;100;150;150;91;NULL;145;NULL;197;NULL;197;NULL;72;NULL;116;NULL;148;NULL;148;NULL;NULL
110;0;900;3;Н;50;50;50;50;100;150;150;100;NULL;159;NULL;216;NULL;216;NULL;79;NULL;128;NULL;177;NULL;177;NULL;NULL
111;0;1000;3;Н;50;50;50;50;100;150;150;109;NULL;175;NULL;235;NULL;235;NULL;87;NULL;141;NULL;192;NULL;192;NULL;NULL
112;0;25;4;Б;50;50;50;65;90;110;110;15;11;20;10;25;9;25;9;13;10;18;10;23;8;23;8;NULL
113;0;32;4;Б;50;50;50;65;90;110;110;16;12;21;12;27;10;27;10;14;11;19;11;26;8;26;8;NULL
114;0;40;4;Б;50;50;50;65;90;110;110;17;13;23;12;30;10;30;10;15;12;20;12;26;10;26;10;NULL
115;0;50;4;Б;50;50;50;65;90;110;110;19;15;26;14;34;12;34;12;17;13;23;12;30;10;30;10;NULL
116;0;65;4;Б;50;50;50;65;90;110;110;23;17;31;16;39;13;39;13;20;15;27;15;34;12;34;12;NULL
117;0;80;4;Б;50;50;50;65;90;110;110;25;19;34;18;43;14;43;14;21;16;29;16;38;13;38;13;NULL
118;0;100;4;Б;50;50;50;65;90;110;110;28;21;38;20;48;16;48;16;24;18;33;17;42;15;42;15;NULL
119;0;125;4;Б;50;50;50;65;90;110;110;32;24;42;23;54;18;54;18;27;21;37;20;47;16;47;16;NULL
120;0;150;4;Б;50;50;50;65;90;110;110;36;28;48;26;60;21;60;21;31;23;41;22;53;18;53;18;NULL
121;0;200;4;Б;50;50;50;65;90;110;110;46;34;60;32;79;22;79;22;38;28;52;28;65;21;65;21;NULL
122;0;250;4;Б;50;50;50;65;90;110;110;54;41;70;37;94;25;94;25;45;34;59;32;78;23;78;23;NULL
123;0;300;4;Б;50;50;50;65;90;110;110;61;47;81;43;107;28;107;28;51;39;68;36;88;26;88;26;NULL
124;0;350;4;Б;50;50;50;65;90;110;110;68;52;90;49;120;32;120;32;58;43;75;41;100;27;100;27;NULL
125;0;400;4;Б;50;50;50;65;90;110;110;76;58;100;52;134;33;134;33;64;48;83;44;109;31;109;31;NULL
126;0;450;4;Б;50;50;50;65;90;110;110;84;64;110;59;148;35;148;35;70;52;92;47;119;33;119;33;NULL
127;0;500;4;Б;50;50;50;65;90;110;110;93;70;120;64;164;35;164;35;76;58;99;52;132;35;132;35;NULL
128;0;600;4;Б;50;50;50;65;90;110;110;107;81;141;73;177;36;177;36;88;66;116;60;150;42;150;42;NULL
129;0;700;4;Б;50;50;50;65;90;110;110;73;53;167;82;215;45;215;45;99;78;131;66;103;25;103;25;NULL
130;0;800;4;Б;50;50;50;65;90;110;110;139;100;180;88;243;50;243;50;111;83;148;73;124;30;124;30;NULL
131;0;900;4;Б;50;50;50;65;90;110;110;155;112;201;99;276;51;276;51;123;92;163;81;212;53;212;53;NULL
132;0;1000;4;Б;50;50;50;65;90;110;110;170;123;225;111;297;59;297;59;135;101;180;88;234;57;234;57;NULL
133;0;1200;4;Б;50;50;50;65;90;110;110;200;145;261;129;357;65;357;65;160;120;212;104;278;64;278;64;NULL
134;0;25;4;К;50;50;50;65;90;110;110;11;7;16;6;20;7;20;7;10;6;15;6;18;6;18;6;NULL
135;0;32;4;К;50;50;50;65;90;110;110;13;8;18;7;21;7;21;7;11;7;15;7;20;6;20;6;NULL
136;0;40;4;К;50;50;50;65;90;110;110;13;8;19;8;23;7;23;7;11;8;17;7;21;7;21;7;NULL
137;0;50;4;К;50;50;50;65;90;110;110;15;10;20;9;26;8;26;8;12;9;18;8;23;7;23;7;NULL
138;0;1400;4;Б;50;50;50;65;90;110;110;233;169;301;149;414;74;414;74;184;139;245;120;327;69;327;69;NULL
139;0;65;4;К;50;50;50;65;90;110;110;17;11;24;10;30;9;30;9;15;10;21;9;26;8;26;8;NULL
140;0;80;4;К;50;50;50;65;90;110;110;18;12;25;11;32;9;32;9;16;11;22;10;28;9;28;9;NULL
141;0;100;4;К;50;50;50;65;90;110;110;20;14;28;12;35;11;35;11;17;12;24;10;30;10;30;10;NULL
142;0;125;4;К;50;50;50;65;90;110;110;23;15;33;13;41;11;41;11;20;14;28;12;34;11;34;11;NULL
143;0;150;4;К;50;50;50;65;90;110;110;25;17;37;14;44;13;44;13;21;15;30;13;37;12;37;12;NULL
144;0;200;4;К;50;50;50;65;90;110;110;31;21;44;17;55;15;55;15;27;18;37;15;46;14;46;14;NULL
145;0;250;4;К;50;50;50;65;90;110;110;37;24;51;20;64;17;64;17;31;21;44;17;53;16;53;16;NULL
146;0;300;4;К;50;50;50;65;90;110;110;42;28;59;22;71;19;71;19;35;23;49;19;59;18;59;18;NULL
147;0;350;4;К;50;50;50;65;90;110;110;46;31;66;24;81;20;81;20;38;0;54;22;67;18;67;18;NULL
148;0;400;4;К;50;50;50;65;90;110;110;50;34;74;25;88;22;88;22;40;30;60;23;73;20;73;20;NULL
149;0;450;4;К;50;50;50;65;90;110;110;56;36;79;28;97;23;97;23;47;30;64;25;79;22;79;22;NULL
150;0;500;4;К;50;50;50;65;90;110;110;63;38;88;30;110;21;110;21;51;32;70;27;85;24;85;24;NULL
151;0;600;4;К;50;50;50;65;90;110;110;72;43;101;33;125;25;125;25;60;35;81;30;100;25;100;25;NULL
152;0;700;4;К;50;50;50;65;90;110;110;82;48;117;33;138;29;138;29;66;40;92;32;111;27;111;27;NULL
153;0;800;4;К;50;50;50;65;90;110;110;93;51;133;35;155;31;155;31;74;44;104;34;122;30;122;30;NULL
154;0;900;4;К;50;50;50;65;90;110;110;104;56;143;43;173;33;173;33;80;50;112;39;137;32;137;32;NULL
155;0;1000;4;К;50;50;50;65;90;110;110;116;59;155;46;187;37;187;37;89;54;121;44;147;35;147;35;NULL
156;0;1200;4;К;50;50;50;65;90;110;110;141;65;189;49;222;40;222;40;107;61;143;50;175;40;175;40;NULL
157;0;1400;4;К;50;50;50;65;90;110;110;164;71;219;53;254;46;254;46;123;67;166;54;199;44;199;44;NULL
158;0;450;4;Н;50;50;50;50;100;150;150;56;NULL;94;NULL;129;NULL;129;NULL;47;NULL;78;NULL;109;NULL;109;NULL;NULL
159;0;500;4;Н;50;50;50;50;100;150;150;61;NULL;101;NULL;139;NULL;139;NULL;50;NULL;84;NULL;117;NULL;117;NULL;NULL
160;0;600;4;Н;50;50;50;50;100;150;150;71;NULL;116;NULL;159;NULL;159;NULL;58;NULL;96;NULL;132;NULL;132;NULL;NULL
161;0;700;4;Н;50;50;50;50;100;150;150;78;NULL;129;NULL;175;NULL;175;NULL;65;NULL;107;NULL;146;NULL;146;NULL;NULL
162;0;800;4;Н;50;50;50;50;100;150;150;88;NULL;143;NULL;194;NULL;194;NULL;71;NULL;118;NULL;162;NULL;162;NULL;NULL
163;0;900;4;Н;50;50;50;50;100;150;150;96;NULL;157;NULL;213;NULL;213;NULL;78;NULL;129;NULL;176;NULL;176;NULL;NULL
164;0;1000;4;Н;50;50;50;50;100;150;150;106;NULL;171;NULL;231;NULL;231;NULL;86;NULL;140;NULL;191;NULL;191;NULL;NULL
165;0;1400;4;Н;50;50;50;50;100;150;150;142;NULL;227;NULL;305;NULL;305;NULL;114;NULL;185;NULL;250;NULL;250;NULL;NULL
166;32;0;1;Б;5;5;50;65;90;110;110;25;20;32;20;38;20;38;20;25;20;32;20;38;20;38;20;NULL
167;38;0;1;Б;5;5;50;65;90;110;110;26;21;34;21;40;21;40;21;26;21;34;21;40;21;40;21;NULL
168;45;0;1;Б;5;5;50;65;90;110;110;28;22;36;22;42;22;42;22;28;22;36;22;42;22;42;22;NULL
169;57;0;1;Б;5;5;50;65;90;110;110;31;25;40;25;47;25;47;25;31;25;40;25;47;25;47;25;NULL
170;76;0;1;Б;5;5;50;65;90;110;110;35;29;45;29;53;29;53;29;35;29;45;29;53;29;53;29;NULL
171;89;0;1;Б;5;5;50;65;90;110;110;38;31;49;31;57;31;57;31;38;31;49;31;57;31;57;31;NULL
172;108;0;1;Б;5;5;50;65;90;110;110;42;34;54;34;62;34;62;34;42;34;54;34;62;34;62;34;NULL
173;133;0;1;Б;5;5;50;65;90;110;110;45;36;59;36;68;36;68;36;45;36;59;36;68;36;68;36;NULL
174;159;0;1;Б;5;5;50;65;90;110;110;52;42;65;42;75;42;75;42;52;42;65;42;75;42;75;42;NULL
175;194;0;1;Б;5;5;50;65;90;110;110;56;45;74;45;83;45;83;45;56;45;74;45;83;45;83;45;NULL
176;219;0;1;Б;5;5;50;65;90;110;110;62;51;79;51;91;51;91;51;62;51;79;51;91;51;91;51;NULL
177;273;0;1;Б;5;5;50;65;90;110;110;72;60;90;60;103;60;103;60;72;60;90;60;103;60;103;60;NULL
178;325;0;1;Б;5;5;50;65;90;110;110;81;68;100;68;115;68;115;68;81;68;100;68;115;68;115;68;NULL
179;377;0;1;Б;5;5;50;65;90;110;110;88;76;107;76;126;76;126;76;90;76;107;76;126;76;126;76;NULL
180;426;0;1;Б;5;5;50;65;90;110;110;98;82;121;82;137;82;137;82;99;82;121;82;137;82;137;82;NULL
181;480;0;1;Б;5;5;50;65;90;110;110;107;91;132;91;150;91;150;91;110;91;132;91;150;91;150;91;NULL
182;530;0;1;Б;5;5;50;65;90;110;110;115;101;142;101;160;101;160;101;120;101;142;101;160;101;160;101;NULL
183;630;0;1;Б;5;5;50;65;90;110;110;132;114;163;114;184;114;184;114;138;114;163;114;184;114;184;114;NULL
184;720;0;1;Б;5;5;50;65;90;110;110;147;125;181;125;202;125;202;125;155;125;181;125;202;125;202;125;NULL
185;820;0;1;Б;5;5;50;65;90;110;110;163;141;200;141;223;141;223;141;174;141;200;141;223;141;223;141;NULL
186;920;0;1;Б;5;5;50;65;90;110;110;178;155;218;155;244;155;244;155;193;155;218;155;244;155;244;155;NULL
187;1020;0;1;Б;5;5;50;65;90;110;110;196;170;240;170;266;170;266;170;212;170;240;170;266;170;266;170;NULL
188;1220;0;1;Б;5;5;50;65;90;110;110;229;200;282;200;308;200;308;200;229;200;282;200;308;200;308;200;NULL
189;1420;0;1;Б;5;5;50;65;90;110;110;260;228;326;228;352;228;352;228;260;228;326;228;352;228;352;228;NULL
190;18;0;1;Н;5;5;50;50;75;100;125;11;NULL;19;NULL;27;NULL;33;NULL;11;NULL;19;NULL;27;NULL;33;NULL;NULL
191;25;0;1;Н;5;5;50;50;75;100;125;13;NULL;21;NULL;29;NULL;36;NULL;13;NULL;21;NULL;29;NULL;36;NULL;NULL
192;32;0;1;Н;5;5;50;50;75;100;125;15;NULL;23;NULL;31;NULL;38;NULL;15;NULL;23;NULL;31;NULL;38;NULL;NULL
193;38;0;1;Н;5;5;50;50;75;100;125;16;NULL;24;NULL;33;NULL;41;NULL;16;NULL;24;NULL;33;NULL;41;NULL;NULL
194;45;0;1;Н;5;5;50;50;75;100;125;18;NULL;27;NULL;36;NULL;45;NULL;18;NULL;27;NULL;36;NULL;45;NULL;NULL
195;57;0;1;Н;5;5;50;50;75;100;125;21;NULL;30;NULL;40;NULL;49;NULL;21;NULL;30;NULL;40;NULL;49;NULL;NULL
196;76;0;1;Н;5;5;50;50;75;100;125;25;NULL;35;NULL;45;NULL;55;NULL;25;NULL;35;NULL;45;NULL;55;NULL;NULL
197;89;0;1;Н;5;5;50;50;75;100;125;28;NULL;38;NULL;50;NULL;60;NULL;28;NULL;38;NULL;50;NULL;60;NULL;NULL
198;108;0;1;Н;5;5;50;50;75;100;125;31;NULL;43;NULL;55;NULL;67;NULL;31;NULL;43;NULL;55;NULL;67;NULL;NULL
199;133;0;1;Н;5;5;50;50;75;100;125;35;NULL;48;NULL;60;NULL;74;NULL;35;NULL;48;NULL;60;NULL;74;NULL;NULL
200;159;0;1;Н;5;5;50;50;75;100;125;38;NULL;50;NULL;65;NULL;80;NULL;38;NULL;50;NULL;65;NULL;80;NULL;NULL
201;194;0;1;Н;5;5;50;50;75;100;125;42;NULL;58;NULL;73;NULL;88;NULL;42;NULL;58;NULL;73;NULL;88;NULL;NULL
202;219;0;1;Н;5;5;50;50;75;100;125;46;NULL;60;NULL;78;NULL;95;NULL;46;NULL;60;NULL;78;NULL;95;NULL;NULL
203;273;0;1;Н;5;5;50;50;75;100;125;53;NULL;70;NULL;87;NULL;107;NULL;53;NULL;70;NULL;87;NULL;107;NULL;NULL
204;325;0;1;Н;5;5;50;50;75;100;125;60;NULL;80;NULL;100;NULL;120;NULL;60;NULL;80;NULL;100;NULL;120;NULL;NULL
205;377;0;1;Н;5;5;50;50;75;100;125;71;NULL;93;NULL;114;NULL;135;NULL;71;NULL;93;NULL;114;NULL;135;NULL;NULL
206;426;0;1;Н;5;5;50;50;75;100;125;82;NULL;105;NULL;128;NULL;150;NULL;82;NULL;105;NULL;128;NULL;150;NULL;NULL
207;480;0;1;Н;5;5;50;50;75;100;125;89;NULL;113;NULL;136;NULL;160;NULL;89;NULL;113;NULL;136;NULL;160;NULL;NULL
208;530;0;1;Н;5;5;50;50;75;100;125;95;NULL;120;NULL;145;NULL;170;NULL;95;NULL;120;NULL;145;NULL;170;NULL;NULL
209;630;0;1;Н;5;5;50;50;75;100;125;104;NULL;133;NULL;160;NULL;190;NULL;104;NULL;133;NULL;160;NULL;190;NULL;NULL
210;720;0;1;Н;5;5;50;50;75;100;125;115;NULL;145;NULL;176;NULL;206;NULL;115;NULL;145;NULL;176;NULL;206;NULL;NULL
211;820;0;1;Н;5;5;50;50;75;100;125;135;NULL;168;NULL;200;NULL;233;NULL;135;NULL;168;NULL;200;NULL;233;NULL;NULL
212;920;0;1;Н;5;5;50;50;75;100;125;155;NULL;190;NULL;225;NULL;260;NULL;155;NULL;190;NULL;225;NULL;260;NULL;NULL
213;1020;0;1;Н;5;5;50;50;75;100;125;180;NULL;220;NULL;255;NULL;292;NULL;180;NULL;220;NULL;255;NULL;292;NULL;NULL
214;1220;0;1;Н;5;5;50;50;75;100;125;201;NULL;246;NULL;286;NULL;333;NULL;201;NULL;246;NULL;286;NULL;333;NULL;NULL
215;1420;0;1;Н;5;5;50;50;75;100;125;230;NULL;280;NULL;325;NULL;380;NULL;230;NULL;280;NULL;325;NULL;380;NULL;NULL
216;0;25;2;К;50;50;50;65;90;110;110;15;10;22;9;27;9;27;9;14;9;20;9;24;8;24;8;NULL
217;0;30;2;К;50;50;50;65;90;110;110;16;11;23;10;28;9;28;9;15;10;21;9;26;9;26;9;NULL
218;0;40;2;К;50;50;50;65;90;110;110;18;12;25;11;31;10;31;10;15;11;22;10;28;9;28;9;NULL
219;0;50;2;К;50;50;50;65;90;110;110;19;13;28;12;34;11;34;11;17;12;24;11;30;10;30;10;NULL
220;0;65;2;К;50;50;50;65;90;110;110;23;16;33;14;40;12;40;12;20;14;29;13;34;11;34;11;NULL
221;0;80;2;К;50;50;50;65;90;110;110;25;17;35;15;44;13;44;13;22;15;31;14;38;12;38;12;NULL
222;0;100;2;К;50;50;50;65;90;110;110;28;19;40;16;49;15;49;15;24;16;35;15;41;13;41;13;NULL
223;0;125;2;К;50;50;50;65;90;110;110;29;20;42;17;53;15;53;15;27;18;36;15;43;14;43;14;NULL
224;0;150;2;К;50;50;50;65;90;110;110;33;22;46;19;56;16;56;16;28;19;38;16;47;15;47;15;NULL
225;0;175;2;К;50;50;50;65;90;110;110;37;25;52;21;64;18;64;18;31;22;42;18;53;16;53;16;NULL
226;0;200;2;К;50;50;50;65;90;110;110;41;27;57;22;71;20;71;20;34;23;46;19;59;18;59;18;NULL
227;0;250;2;К;50;50;50;65;90;110;110;46;30;65;25;80;22;80;22;39;26;55;22;66;20;66;20;NULL
228;0;300;2;К;50;50;50;65;90;110;110;53;34;75;28;89;24;89;24;43;28;60;24;72;22;72;22;NULL
229;0;350;2;К;50;50;50;65;90;110;110;59;38;80;29;101;25;101;25;47;32;65;26;81;22;81;22;NULL
230;0;400;2;К;50;50;50;65;90;110;110;65;40;94;32;106;26;106;26;50;33;71;28;87;24;87;24;NULL
231;0;450;2;К;50;50;50;65;90;110;110;66;42;96;34;116;28;116;28;58;37;80;31;92;25;92;25;NULL
232;0;500;2;К;50;50;50;65;90;110;110;76;46;108;37;144;28;144;28;59;38;84;33;101;28;101;28;NULL
233;0;600;2;К;50;50;50;65;90;110;110;84;50;121;39;147;30;147;30;68;43;94;35;114;29;114;29;NULL
234;0;700;2;К;50;50;50;65;90;110;110;92;54;140;40;159;33;159;33;77;47;108;37;130;32;130;32;NULL
235;0;800;2;К;50;50;50;65;90;110;110;112;62;156;41;183;36;183;36;86;52;121;39;140;34;140;34;NULL
236;0;900;2;К;50;50;50;65;90;110;110;119;65;164;49;201;38;201;38;91;57;130;46;160;37;160;37;NULL
237;0;1000;2;К;50;50;50;65;90;110;110;131;67;171;51;214;42;214;42;101;61;136;49;165;40;165;40;NULL
238;0;1200;2;К;50;50;50;65;90;110;110;159;74;221;57;258;46;258;46;124;68;159;55;197;45;197;45;NULL
239;0;1400;2;К;50;50;50;65;90;110;110;176;77;245;59;277;50;277;50;131;71;181;59;217;48;217;48;NULL
240;0;25;2;Б;50;50;50;65;90;90;90;31;23;41;22;41;22;41;22;28;22;38;21;38;21;38;21;NULL
241;0;30;2;Б;50;50;50;65;90;90;90;32;24;43;23;43;23;43;23;29;22;40;22;40;22;40;22;NULL
242;0;40;2;Б;50;50;50;65;90;90;90;33;27;47;26;47;26;47;26;32;25;43;23;43;23;43;23;NULL
243;0;50;2;Б;50;50;50;65;90;90;90;38;29;52;28;52;28;52;28;34;27;46;25;46;25;46;25;NULL
244;0;65;2;Б;50;50;50;65;90;90;90;43;33;58;31;58;31;58;31;39;29;52;28;52;28;52;28;NULL
245;0;80;2;Б;50;50;50;65;90;90;90;44;34;59;32;59;32;59;32;40;30;53;29;53;29;53;29;NULL
246;0;100;2;Б;50;50;50;65;90;90;90;47;36;64;34;64;34;64;34;42;33;56;30;56;30;56;30;NULL
247;0;125;2;Б;50;50;50;65;90;90;90;53;40;70;38;70;38;70;38;46;35;62;34;62;34;62;34;NULL
248;0;150;2;Б;50;50;50;65;90;90;90;59;45;78;42;78;42;78;42;52;40;69;37;69;37;69;37;NULL
249;0;175;2;Б;50;50;50;65;90;90;90;63;48;83;43;83;43;83;43;54;41;73;40;73;40;73;40;NULL
250;0;200;2;Б;50;50;50;65;90;90;90;66;51;87;46;87;46;87;46;57;43;77;41;77;41;77;41;NULL
251;0;250;2;Б;50;50;50;65;90;90;90;71;54;96;51;96;51;96;51;62;47;83;44;83;44;83;44;NULL
252;0;300;2;Б;50;50;50;65;90;90;90;78;59;105;55;105;55;105;55;68;51;90;48;90;48;90;48;NULL
253;0;350;2;Б;50;50;50;65;90;90;90;87;65;115;59;115;59;115;59;74;56;97;52;97;52;97;52;NULL
254;0;400;2;Б;50;50;50;65;90;90;90;93;69;121;63;121;63;121;63;78;59;104;54;104;54;104;54;NULL
255;0;450;2;Б;50;50;50;65;90;90;90;100;74;130;67;130;67;130;67;84;62;111;58;111;58;111;58;NULL
256;0;500;2;Б;50;50;50;65;90;90;90;106;78;140;71;140;71;140;71;90;67;119;62;119;62;119;62;NULL
257;0;600;2;Б;50;50;50;65;90;90;90;121;89;160;81;160;81;160;81;101;75;134;69;134;69;134;69;NULL
258;0;700;2;Б;50;50;50;65;90;90;90;134;96;175;86;175;86;175;86;108;80;146;74;146;74;146;74;NULL
259;0;800;2;Б;50;50;50;65;90;90;90;146;105;195;94;195;94;195;94;121;88;160;80;160;80;160;80;NULL
260;0;900;2;Б;50;50;50;65;90;90;90;157;114;214;101;214;101;214;101;132;96;174;86;174;86;174;86;NULL
261;0;1000;2;Б;50;50;50;65;90;90;90;168;122;234;109;234;109;234;109;145;103;187;92;187;92;187;92;NULL
262;0;1200;2;Б;50;50;50;65;90;90;90;190;139;273;125;273;125;273;125;169;119;215;104;215;104;215;104;NULL
263;0;15;2;Н;50;50;50;50;100;150;150;10;NULL;19;NULL;29;NULL;29;NULL;9;NULL;17;NULL;26;NULL;26;NULL;NULL
264;0;20;2;Н;50;50;50;50;100;150;150;11;NULL;22;NULL;33;NULL;33;NULL;10;NULL;19;NULL;29;NULL;29;NULL;NULL
265;0;25;2;Н;50;50;50;50;100;150;150;13;NULL;24;NULL;36;NULL;36;NULL;11;NULL;22;NULL;32;NULL;32;NULL;NULL
266;0;40;2;Н;50;50;50;50;100;150;150;15;NULL;28;NULL;42;NULL;42;NULL;13;NULL;25;NULL;38;NULL;38;NULL;NULL
267;0;50;2;Н;50;50;50;50;100;150;150;16;NULL;31;NULL;46;NULL;46;NULL;15;NULL;27;NULL;40;NULL;40;NULL;NULL
268;0;65;2;Н;50;50;50;50;100;150;150;20;NULL;35;NULL;53;NULL;53;NULL;16;NULL;31;NULL;46;NULL;46;NULL;NULL
269;0;80;2;Н;50;50;50;50;100;150;150;22;NULL;39;NULL;57;NULL;57;NULL;18;NULL;34;NULL;50;NULL;50;NULL;NULL
270;0;100;2;Н;50;50;50;50;100;150;150;21;NULL;43;NULL;63;NULL;63;NULL;23;NULL;37;NULL;55;NULL;55;NULL;NULL
271;0;125;2;Н;50;50;50;50;100;150;150;28;NULL;48;NULL;70;NULL;70;NULL;24;NULL;42;NULL;60;NULL;60;NULL;NULL
272;0;150;2;Н;50;50;50;50;100;150;150;30;NULL;54;NULL;77;NULL;77;NULL;26;NULL;46;NULL;66;NULL;66;NULL;NULL
273;0;175;2;Н;50;50;50;50;100;150;150;34;NULL;60;NULL;85;NULL;85;NULL;29;NULL;52;NULL;71;NULL;71;NULL;NULL
274;0;200;2;Н;50;50;50;50;100;150;150;38;NULL;66;NULL;94;NULL;94;NULL;32;NULL;56;NULL;80;NULL;80;NULL;NULL
275;0;250;2;Н;50;50;50;50;100;150;150;44;NULL;76;NULL;108;NULL;108;NULL;37;NULL;65;NULL;91;NULL;91;NULL;NULL
276;0;300;2;Н;50;50;50;50;100;150;150;51;NULL;87;NULL;121;NULL;121;NULL;42;NULL;72;NULL;102;NULL;102;NULL;NULL
277;0;1400;2;Б;50;50;50;65;90;90;90;212;157;313;169;313;169;313;169;193;134;243;116;243;116;243;116;NULL
278;0;350;2;Н;50;50;50;50;100;150;150;57;NULL;96;NULL;133;NULL;133;NULL;47;NULL;80;NULL;113;NULL;113;NULL;NULL
279;0;400;2;Н;50;50;50;50;100;150;150;63;NULL;105;NULL;146;NULL;146;NULL;53;NULL;88;NULL;122;NULL;122;NULL;NULL
280;0;450;2;Н;50;50;50;50;100;150;150;69;NULL;114;NULL;157;NULL;157;NULL;56;NULL;94;NULL;131;NULL;131;NULL;NULL
281;0;500;2;Н;50;50;50;50;100;150;150;76;NULL;123;NULL;170;NULL;170;NULL;61;NULL;102;NULL;143;NULL;143;NULL;NULL
282;0;600;2;Н;50;50;50;50;100;150;150;86;NULL;142;NULL;194;NULL;194;NULL;71;NULL;117;NULL;162;NULL;162;NULL;NULL
283;0;700;2;Н;50;50;50;50;100;150;150;98;NULL;158;NULL;215;NULL;215;NULL;79;NULL;130;NULL;180;NULL;180;NULL;NULL
284;0;800;2;Н;50;50;50;50;100;150;150;110;NULL;177;NULL;239;NULL;239;NULL;89;NULL;144;NULL;183;NULL;183;NULL;NULL
285;0;900;2;Н;50;50;50;50;100;150;150;121;NULL;195;NULL;263;NULL;263;NULL;97;NULL;158;NULL;218;NULL;218;NULL;NULL
286;0;1000;2;Н;50;50;50;50;100;150;150;133;NULL;213;NULL;287;NULL;287;NULL;107;NULL;173;NULL;287;NULL;287;NULL;NULL
287;0;1200;2;Н;50;50;50;50;100;150;150;157;NULL;249;NULL;333;NULL;333;NULL;126;NULL;202;NULL;274;NULL;274;NULL;NULL
288;0;1400;2;Н;50;50;50;50;100;150;150;181;NULL;285;NULL;379;NULL;379;NULL;145;NULL;231;NULL;312;NULL;312;NULL;NULL
289;1440;0;1;Б;5;5;50;65;90;110;110;250;230;324;230;360;230;360;230;250;230;324;230;360;230;360;230;NULL
290;1480;0;1;Б;5;5;50;65;90;110;110;0;23;9;23;2;23;2;23;0;23;9;23;2;23;2;23;NULL
4940;18;0;1;К;5;5;50;65;90;110;110;22;17;28;17;33;17;33;17;22;17;28;17;33;17;33;17;1
4941;25;0;1;К;5;5;50;65;90;110;110;24;18;30;18;35;18;35;18;24;18;30;18;35;18;35;18;1
4942;32;0;1;К;5;5;50;65;90;110;110;25;20;32;20;38;20;38;20;25;20;32;20;38;20;38;20;1
4943;38;0;1;К;5;5;50;65;90;110;110;26;21;34;21;40;21;40;21;26;21;34;21;40;21;40;21;1
4944;45;0;1;К;5;5;50;65;90;110;110;28;22;36;22;42;22;42;22;28;22;36;22;42;22;42;22;1
4945;57;0;1;К;5;5;50;65;90;110;110;31;25;40;25;47;25;47;25;31;25;40;25;47;25;47;25;1
4946;76;0;1;К;5;5;50;65;90;110;110;35;29;45;29;53;29;53;29;35;29;45;29;53;29;53;29;1
4947;89;0;1;К;5;5;50;65;90;110;110;38;31;49;31;57;31;57;31;38;31;49;31;57;31;57;31;1
4948;108;0;1;К;5;5;50;65;90;110;110;42;34;54;34;62;34;62;34;42;34;54;34;62;34;62;34;1
4949;133;0;1;К;5;5;50;65;90;110;110;45;36;59;36;68;36;68;36;45;36;59;36;68;36;68;36;1
4950;159;0;1;К;5;5;50;65;90;110;110;52;42;65;42;75;42;75;42;52;42;65;42;75;42;75;42;1
4951;194;0;1;К;5;5;50;65;90;110;110;56;45;74;45;83;45;83;45;56;45;74;45;83;45;83;45;1
4952;219;0;1;К;5;5;50;65;90;110;110;62;51;79;51;91;51;91;51;62;51;79;51;91;51;91;51;1
4953;273;0;1;К;5;5;50;65;90;110;110;72;60;90;60;103;60;103;60;72;60;90;60;103;60;103;60;1
4954;325;0;1;К;5;5;50;65;90;110;110;81;68;100;68;115;68;115;68;81;68;100;68;115;68;115;68;1
4955;377;0;1;К;5;5;50;65;90;110;110;88;76;107;76;126;76;126;76;90;76;107;76;126;76;126;76;1
4956;426;0;1;К;5;5;50;65;90;110;110;98;82;121;82;137;82;137;82;99;82;121;82;137;82;137;82;1
4957;480;0;1;К;5;5;50;65;90;110;110;107;91;132;91;150;91;150;91;110;91;132;91;150;91;150;91;1
4958;530;0;1;К;5;5;50;65;90;110;110;115;101;142;101;160;101;160;101;120;101;142;101;160;101;160;101;1
4959;630;0;1;К;5;5;50;65;90;110;110;132;114;163;114;184;114;184;114;138;114;163;114;184;114;184;114;1
4960;720;0;1;К;5;5;50;65;90;110;110;147;125;181;125;202;125;202;125;155;125;181;125;202;125;202;125;1
4961;820;0;1;К;5;5;50;65;90;110;110;163;141;200;141;223;141;223;141;174;141;200;141;223;141;223;141;1
4962;920;0;1;К;5;5;50;65;90;110;110;178;155;218;155;224;155;224;155;193;155;218;155;224;155;224;155;1
4963;1020;0;1;К;5;5;50;65;90;110;110;196;170;240;170;266;170;266;170;212;170;240;170;266;170;266;170;1
4964;1220;0;1;К;5;5;50;65;90;110;110;229;200;282;200;308;200;308;200;229;200;282;200;308;200;308;200;1
4965;1420;0;1;К;5;5;50;65;90;110;110;260;228;326;228;352;228;352;228;260;228;326;228;352;228;352;228;1
4966;18;0;1;Б;5;5;50;65;90;110;110;22;17;28;17;33;17;33;17;22;17;28;17;33;17;33;17;1
4967;25;0;1;Б;5;5;50;65;90;110;110;24;18;30;18;35;18;35;18;24;18;30;18;35;18;35;18;1
4968;0;15;4;Н;50;50;50;50;100;150;150;9;NULL;15;NULL;24;NULL;24;NULL;8;NULL;15;NULL;21;NULL;21;NULL;1
4969;0;20;4;Н;50;50;50;50;100;150;150;9;NULL;18;NULL;27;NULL;27;NULL;9;NULL;16;NULL;24;NULL;24;NULL;1
4970;0;25;4;Н;50;50;50;50;100;150;150;10;NULL;20;NULL;29;NULL;29;NULL;9;NULL;17;NULL;27;NULL;27;NULL;1
4971;0;40;4;Н;50;50;50;50;100;150;150;12;NULL;22;NULL;34;NULL;34;NULL;10;NULL;20;NULL;30;NULL;30;NULL;1
4972;0;50;4;Н;50;50;50;50;100;150;150;14;NULL;25;NULL;37;NULL;37;NULL;12;NULL;22;NULL;33;NULL;33;NULL;1
4973;0;65;4;Н;50;50;50;50;100;150;150;15;NULL;28;NULL;41;NULL;41;NULL;14;NULL;25;NULL;37;NULL;37;NULL;1
4974;0;80;4;Н;50;50;50;50;100;150;150;17;NULL;31;NULL;45;NULL;45;NULL;15;NULL;27;NULL;40;NULL;40;NULL;1
4975;0;100;4;Н;50;50;50;50;100;150;150;19;NULL;34;NULL;49;NULL;49;NULL;16;NULL;29;NULL;43;NULL;43;NULL;1
4976;0;125;4;Н;50;50;50;50;100;150;150;22;NULL;38;NULL;54;NULL;54;NULL;18;NULL;33;NULL;47;NULL;47;NULL;1
4977;0;150;4;Н;50;50;50;50;100;150;150;23;NULL;41;NULL;60;NULL;60;NULL;20;NULL;36;NULL;52;NULL;52;NULL;1
4978;0;200;4;Н;50;50;50;50;100;150;150;29;NULL;51;NULL;71;NULL;71;NULL;24;NULL;43;NULL;62;NULL;62;NULL;1
4979;0;250;4;Н;50;50;50;50;100;150;150;34;NULL;58;NULL;82;NULL;82;NULL;28;NULL;49;NULL;71;NULL;71;NULL;1
4980;0;300;4;Н;50;50;50;50;100;150;150;38;NULL;65;NULL;91;NULL;91;NULL;34;NULL;58;NULL;82;NULL;82;NULL;1
4981;0;350;4;Н;50;50;50;50;100;150;150;46;NULL;79;NULL;110;NULL;110;NULL;39;NULL;66;NULL;93;NULL;93;NULL;1
4982;0;400;4;Н;50;50;50;50;100;150;150;52;NULL;86;NULL;120;NULL;120;NULL;42;NULL;72;NULL;101;NULL;101;NULL;1
4983;0;25;3;Б;50;50;50;65;90;110;110;13;9;19;9;22;8;22;8;12;8;17;8;21;7;21;7;1
4984;0;30;3;Б;50;50;50;65;90;110;110;14;9;20;9;24;9;24;9;13;9;17;9;22;8;22;8;1
4985;0;40;3;Б;50;50;50;65;90;110;110;16;10;22;10;27;9;27;9;14;9;19;9;23;9;23;9;1
4986;0;50;3;Б;50;50;50;65;90;110;110;16;11;24;11;29;10;29;10;15;10;21;10;26;9;26;9;1
4987;0;65;3;Б;50;50;50;65;90;110;110;20;14;28;12;34;11;34;11;17;11;25;11;29;10;29;10;1
4988;0;80;3;Б;50;50;50;65;90;110;110;22;15;30;13;37;12;37;12;18;12;27;12;32;11;32;11;1
4989;0;100;3;Б;50;50;50;65;90;110;110;24;16;34;14;41;14;41;14;21;14;30;13;35;12;35;12;1
4990;0;125;3;Б;50;50;50;65;90;110;110;25;17;36;15;45;15;45;15;22;16;33;14;37;13;37;13;1
4991;0;150;3;Б;50;50;50;65;90;110;110;28;19;40;16;47;16;47;16;23;16;36;15;41;14;41;14;1
4992;0;200;3;Б;50;50;50;65;90;110;110;35;22;47;19;61;17;61;17;28;20;42;16;50;16;50;16;1
4993;0;250;3;Б;50;50;50;65;90;110;110;40;26;56;22;68;18;68;18;33;22;47;18;57;17;57;17;1
4994;0;300;3;Б;50;50;50;65;90;110;110;46;29;64;23;76;21;76;21;37;24;52;21;61;18;61;18;1
4995;0;350;3;Б;50;50;50;65;90;110;110;50;32;68;25;84;22;84;22;40;27;55;22;69;19;69;19;1
4996;0;400;3;Б;50;50;50;65;90;110;110;56;34;75;28;91;22;91;22;43;28;60;24;74;21;74;21;1
4997;0;450;3;Б;50;50;50;65;90;110;110;60;36;82;28;99;23;99;23;47;31;68;27;78;22;78;22;1
4998;0;500;3;Б;50;50;50;65;90;110;110;65;40;92;31;112;24;112;24;50;32;72;28;86;23;86;23;1
4999;0;600;3;Б;50;50;50;65;90;110;110;72;42;103;33;125;26;125;26;58;36;80;30;97;27;97;27;1
5000;0;700;3;Б;50;50;50;65;90;110;110;78;47;120;35;135;28;135;28;66;41;92;32;110;27;110;27;1
5001;0;800;3;Б;50;50;50;65;90;110;110;91;53;129;39;156;31;156;31;73;44;103;33;120;29;120;29;1
5002;0;900;3;Б;50;50;50;65;90;110;110;101;55;140;41;172;32;172;32;78;48;110;37;129;32;129;32;1
5003;0;1000;3;Б;50;50;50;65;90;110;110;111;57;146;44;183;36;183;36;86;52;121;40;141;34;141;34;1
5004;0;1200;3;Б;50;50;50;65;90;110;110;135;63;188;47;220;40;220;40;98;58;136;46;164;38;164;38;1
5005;0;1400;3;Б;50;50;50;65;90;110;110;149;66;208;51;236;42;236;42;112;60;154;50;193;41;193;41;1
5006;0;25;3;К;50;50;50;65;90;110;110;13;9;19;9;22;8;22;8;12;8;17;8;21;7;21;7;1
5007;0;30;3;К;50;50;50;65;90;110;110;14;9;20;9;24;9;24;9;13;9;17;9;22;8;22;8;1
5008;0;40;3;К;50;50;50;65;90;110;110;16;10;22;10;27;9;27;9;14;9;19;9;23;9;23;9;1
5009;0;50;3;К;50;50;50;65;90;110;110;16;11;24;11;29;10;29;10;15;10;21;10;26;9;26;9;1
5010;0;65;3;К;50;50;50;65;90;110;110;20;14;28;12;34;11;34;11;17;11;25;11;29;10;29;10;1
5011;0;80;3;К;50;50;50;65;90;110;110;22;15;30;13;37;12;37;12;18;12;27;12;32;11;32;11;1
5012;0;100;3;К;50;50;50;65;90;110;110;24;16;34;14;41;14;41;14;21;14;30;13;35;12;35;12;1
5013;0;125;3;К;50;50;50;65;90;110;110;25;17;36;15;45;15;45;15;22;16;33;14;37;13;37;13;1
5014;0;150;3;К;50;50;50;65;90;110;110;28;19;40;16;47;16;47;16;23;16;36;15;41;14;41;14;1
5015;0;200;3;К;50;50;50;65;90;110;110;35;22;47;19;61;17;61;17;28;20;42;16;50;16;50;16;1
5016;0;250;3;К;50;50;50;65;90;110;110;40;26;56;22;68;18;68;18;33;22;47;18;57;17;57;17;1
5017;0;300;3;К;50;50;50;65;90;110;110;46;29;64;23;76;21;76;21;37;24;52;21;61;18;61;18;1
5018;0;350;3;К;50;50;50;65;90;110;110;50;32;68;25;84;22;84;22;40;27;55;22;69;19;69;19;1
5019;0;400;3;К;50;50;50;65;90;110;110;56;34;75;28;91;22;91;22;43;28;60;24;74;21;74;21;1
5020;0;450;3;К;50;50;50;65;90;110;110;60;36;82;28;99;23;99;23;47;31;68;27;78;22;78;22;1
5021;0;500;3;К;50;50;50;65;90;110;110;65;40;92;31;112;24;112;24;50;32;72;28;86;23;86;23;1
5022;0;600;3;К;50;50;50;65;90;110;110;72;42;103;33;125;26;125;26;58;36;80;30;97;27;97;27;1
5023;0;700;3;К;50;50;50;65;90;110;110;78;47;120;35;135;28;135;28;66;41;92;32;110;27;110;27;1
5024;0;800;3;К;50;50;50;65;90;110;110;91;53;129;39;156;31;156;31;73;44;103;33;120;29;120;29;1
5025;0;900;3;К;50;50;50;65;90;110;110;101;55;140;41;172;32;172;32;78;48;110;37;129;32;129;32;1
5026;0;1000;3;К;50;50;50;65;90;110;110;111;57;146;44;183;36;183;36;86;52;121;40;141;34;141;34;1
5027;0;1200;3;К;50;50;50;65;90;110;110;135;63;188;47;220;40;220;40;98;58;136;46;164;38;164;38;1
5028;0;1400;3;К;50;50;50;65;90;110;110;149;66;208;51;236;42;236;42;112;60;154;50;193;41;193;41;1
5029;0;25;3;Н;50;50;50;50;100;150;150;10;NULL;20;NULL;29;NULL;29;NULL;9;NULL;17;NULL;26;NULL;26;NULL;1
5030;0;40;3;Н;50;50;50;50;100;150;150;13;NULL;23;NULL;34;NULL;34;NULL;10;NULL;21;NULL;31;NULL;31;NULL;1
5031;0;50;3;Н;50;50;50;50;100;150;150;14;NULL;26;NULL;38;NULL;38;NULL;12;NULL;22;NULL;33;NULL;33;NULL;1
5032;0;65;3;Н;50;50;50;50;100;150;150;16;NULL;29;NULL;43;NULL;43;NULL;13;NULL;25;NULL;38;NULL;38;NULL;1
5033;0;80;3;Н;50;50;50;50;100;150;150;18;NULL;32;NULL;47;NULL;47;NULL;15;NULL;28;NULL;41;NULL;41;NULL;1
5034;0;100;3;Н;50;50;50;50;100;150;150;20;NULL;35;NULL;52;NULL;52;NULL;16;NULL;30;NULL;45;NULL;45;NULL;1
5035;0;125;3;Н;50;50;50;50;100;150;150;22;NULL;40;NULL;57;NULL;57;NULL;19;NULL;34;NULL;49;NULL;49;NULL;1
5036;0;15;3;Н;50;50;50;50;100;150;150;8;NULL;16;NULL;24;NULL;24;NULL;7;NULL;14;NULL;21;NULL;21;NULL;1
5037;0;20;3;Н;50;50;50;50;100;150;150;9;NULL;18;NULL;27;NULL;27;NULL;8;NULL;16;NULL;24;NULL;24;NULL;1
5038;0;150;3;Н;50;50;50;50;100;150;150;25;NULL;45;NULL;63;NULL;63;NULL;21;NULL;38;NULL;53;NULL;53;NULL;1
5039;0;200;3;Н;50;50;50;50;100;150;150;31;NULL;54;NULL;77;NULL;77;NULL;26;NULL;46;NULL;65;NULL;65;NULL;1
5040;0;250;3;Н;50;50;50;50;100;150;150;36;NULL;62;NULL;89;NULL;89;NULL;30;NULL;53;NULL;74;NULL;74;NULL;1
5041;0;300;3;Н;50;50;50;50;100;150;150;41;NULL;72;NULL;99;NULL;99;NULL;34;NULL;59;NULL;83;NULL;83;NULL;1
5042;0;350;3;Н;50;50;50;50;100;150;150;47;NULL;79;NULL;109;NULL;109;NULL;39;NULL;65;NULL;91;NULL;91;NULL;1
5043;0;400;3;Н;50;50;50;50;100;150;150;52;NULL;86;NULL;120;NULL;120;NULL;42;NULL;72;NULL;99;NULL;99;NULL;1
5044;0;450;3;Н;50;50;50;50;100;150;150;57;NULL;93;NULL;128;NULL;128;NULL;46;NULL;76;NULL;106;NULL;106;NULL;1
5045;0;500;3;Н;50;50;50;50;100;150;150;62;NULL;101;NULL;140;NULL;140;NULL;50;NULL;83;NULL;116;NULL;116;NULL;1
5046;0;600;3;Н;50;50;50;50;100;150;150;71;NULL;116;NULL;159;NULL;159;NULL;57;NULL;95;NULL;131;NULL;131;NULL;1
5047;0;700;3;Н;50;50;50;50;100;150;150;81;NULL;130;NULL;177;NULL;177;NULL;65;NULL;105;NULL;146;NULL;146;NULL;1
5048;0;800;3;Н;50;50;50;50;100;150;150;91;NULL;145;NULL;197;NULL;197;NULL;72;NULL;116;NULL;148;NULL;148;NULL;1
5049;0;900;3;Н;50;50;50;50;100;150;150;100;NULL;159;NULL;216;NULL;216;NULL;79;NULL;128;NULL;177;NULL;177;NULL;1
5050;0;1000;3;Н;50;50;50;50;100;150;150;109;NULL;175;NULL;235;NULL;235;NULL;87;NULL;141;NULL;192;NULL;192;NULL;1
5051;0;25;4;Б;50;50;50;65;90;110;110;15;11;20;10;25;9;25;9;13;10;18;10;23;8;23;8;1
5052;0;32;4;Б;50;50;50;65;90;110;110;16;12;21;12;27;10;27;10;14;11;19;11;26;8;26;8;1
5053;0;40;4;Б;50;50;50;65;90;110;110;17;13;23;12;30;10;30;10;15;12;20;12;26;10;26;10;1
5054;0;50;4;Б;50;50;50;65;90;110;110;19;15;26;14;34;12;34;12;17;13;23;12;30;10;30;10;1
5055;0;65;4;Б;50;50;50;65;90;110;110;23;17;31;16;39;13;39;13;20;15;27;15;34;12;34;12;1
5056;0;80;4;Б;50;50;50;65;90;110;110;25;19;34;18;43;14;43;14;21;16;29;16;38;13;38;13;1
5057;0;100;4;Б;50;50;50;65;90;110;110;28;21;38;20;48;16;48;16;24;18;33;17;42;15;42;15;1
5058;0;125;4;Б;50;50;50;65;90;110;110;32;24;42;23;54;18;54;18;27;21;37;20;47;16;47;16;1
5059;0;150;4;Б;50;50;50;65;90;110;110;36;28;48;26;60;21;60;21;31;23;41;22;53;18;53;18;1
5060;0;200;4;Б;50;50;50;65;90;110;110;46;34;60;32;79;22;79;22;38;28;52;28;65;21;65;21;1
5061;0;250;4;Б;50;50;50;65;90;110;110;54;41;70;37;94;25;94;25;45;34;59;32;78;23;78;23;1
5062;0;300;4;Б;50;50;50;65;90;110;110;61;47;81;43;107;28;107;28;51;39;68;36;88;26;88;26;1
5063;0;350;4;Б;50;50;50;65;90;110;110;68;52;90;49;120;32;120;32;58;43;75;41;100;27;100;27;1
5064;0;400;4;Б;50;50;50;65;90;110;110;76;58;100;52;134;33;134;33;64;48;83;44;109;31;109;31;1
5065;0;450;4;Б;50;50;50;65;90;110;110;84;64;110;59;148;35;148;35;70;52;92;47;119;33;119;33;1
5066;0;500;4;Б;50;50;50;65;90;110;110;93;70;120;64;164;35;164;35;76;58;99;52;132;35;132;35;1
5067;0;600;4;Б;50;50;50;65;90;110;110;107;81;141;73;177;36;177;36;88;66;116;60;150;42;150;42;1
5068;0;700;4;Б;50;50;50;65;90;110;110;73;53;167;82;215;45;215;45;99;78;131;66;103;25;103;25;1
5069;0;800;4;Б;50;50;50;65;90;110;110;139;100;180;88;243;50;243;50;111;83;148;73;124;30;124;30;1
5070;0;900;4;Б;50;50;50;65;90;110;110;155;112;201;99;276;51;276;51;123;92;163;81;212;53;212;53;1
5071;0;1000;4;Б;50;50;50;65;90;110;110;170;123;225;111;297;59;297;59;135;101;180;88;234;57;234;57;1
5072;0;1200;4;Б;50;50;50;65;90;110;110;200;145;261;129;357;65;357;65;160;120;212;104;278;64;278;64;1
5073;0;25;4;К;50;50;50;65;90;110;110;11;7;16;6;20;7;20;7;10;6;15;6;18;6;18;6;1
5074;0;32;4;К;50;50;50;65;90;110;110;13;8;18;7;21;7;21;7;11;7;15;7;20;6;20;6;1
5075;0;40;4;К;50;50;50;65;90;110;110;13;8;19;8;23;7;23;7;11;8;17;7;21;7;21;7;1
5076;0;50;4;К;50;50;50;65;90;110;110;15;10;20;9;26;8;26;8;12;9;18;8;23;7;23;7;1
5077;0;1400;4;Б;50;50;50;65;90;110;110;233;169;301;149;414;74;414;74;184;139;245;120;327;69;327;69;1
5078;0;65;4;К;50;50;50;65;90;110;110;17;11;24;10;30;9;30;9;15;10;21;9;26;8;26;8;1
5079;0;80;4;К;50;50;50;65;90;110;110;18;12;25;11;32;9;32;9;16;11;22;10;28;9;28;9;1
5080;0;100;4;К;50;50;50;65;90;110;110;20;14;28;12;35;11;35;11;17;12;24;10;30;10;30;10;1
5081;0;125;4;К;50;50;50;65;90;110;110;23;15;33;13;41;11;41;11;20;14;28;12;34;11;34;11;1
5082;0;150;4;К;50;50;50;65;90;110;110;25;17;37;14;44;13;44;13;21;15;30;13;37;12;37;12;1
5083;0;200;4;К;50;50;50;65;90;110;110;31;21;44;17;55;15;55;15;27;18;37;15;46;14;46;14;1
5084;0;250;4;К;50;50;50;65;90;110;110;37;24;51;20;64;17;64;17;31;21;44;17;53;16;53;16;1
5085;0;300;4;К;50;50;50;65;90;110;110;42;28;59;22;71;19;71;19;35;23;49;19;59;18;59;18;1
5086;0;350;4;К;50;50;50;65;90;110;110;46;31;66;24;81;20;81;20;38;0;54;22;67;18;67;18;1
5087;0;400;4;К;50;50;50;65;90;110;110;50;34;74;25;88;22;88;22;40;30;60;23;73;20;73;20;1
5088;0;450;4;К;50;50;50;65;90;110;110;56;36;79;28;97;23;97;23;47;30;64;25;79;22;79;22;1
5089;0;500;4;К;50;50;50;65;90;110;110;63;38;88;30;110;21;110;21;51;32;70;27;85;24;85;24;1
5090;0;600;4;К;50;50;50;65;90;110;110;72;43;101;33;125;25;125;25;60;35;81;30;100;25;100;25;1
5091;0;700;4;К;50;50;50;65;90;110;110;82;48;117;33;138;29;138;29;66;40;92;32;111;27;111;27;1
5092;0;800;4;К;50;50;50;65;90;110;110;93;51;133;35;155;31;155;31;74;44;104;34;122;30;122;30;1
5093;0;900;4;К;50;50;50;65;90;110;110;104;56;143;43;173;33;173;33;80;50;112;39;137;32;137;32;1
5094;0;1000;4;К;50;50;50;65;90;110;110;116;59;155;46;187;37;187;37;89;54;121;44;147;35;147;35;1
5095;0;1200;4;К;50;50;50;65;90;110;110;141;65;189;49;222;40;222;40;107;61;143;50;175;40;175;40;1
5096;0;1400;4;К;50;50;50;65;90;110;110;164;71;219;53;254;46;254;46;123;67;166;54;199;44;199;44;1
5097;0;450;4;Н;50;50;50;50;100;150;150;56;NULL;94;NULL;129;NULL;129;NULL;47;NULL;78;NULL;109;NULL;109;NULL;1
5098;0;500;4;Н;50;50;50;50;100;150;150;61;NULL;101;NULL;139;NULL;139;NULL;50;NULL;84;NULL;117;NULL;117;NULL;1
5099;0;600;4;Н;50;50;50;50;100;150;150;71;NULL;116;NULL;159;NULL;159;NULL;58;NULL;96;NULL;132;NULL;132;NULL;1
5100;0;700;4;Н;50;50;50;50;100;150;150;78;NULL;129;NULL;175;NULL;175;NULL;65;NULL;107;NULL;146;NULL;146;NULL;1
5101;0;800;4;Н;50;50;50;50;100;150;150;88;NULL;143;NULL;194;NULL;194;NULL;71;NULL;118;NULL;162;NULL;162;NULL;1
5102;0;900;4;Н;50;50;50;50;100;150;150;96;NULL;157;NULL;213;NULL;213;NULL;78;NULL;129;NULL;176;NULL;176;NULL;1
5103;0;1000;4;Н;50;50;50;50;100;150;150;106;NULL;171;NULL;231;NULL;231;NULL;86;NULL;140;NULL;191;NULL;191;NULL;1
5104;0;1400;4;Н;50;50;50;50;100;150;150;142;NULL;227;NULL;305;NULL;305;NULL;114;NULL;185;NULL;250;NULL;250;NULL;1
5105;32;0;1;Б;5;5;50;65;90;110;110;25;20;32;20;38;20;38;20;25;20;32;20;38;20;38;20;1
5106;38;0;1;Б;5;5;50;65;90;110;110;26;21;34;21;40;21;40;21;26;21;34;21;40;21;40;21;1
5107;45;0;1;Б;5;5;50;65;90;110;110;28;22;36;22;42;22;42;22;28;22;36;22;42;22;42;22;1
5108;57;0;1;Б;5;5;50;65;90;110;110;31;25;40;25;47;25;47;25;31;25;40;25;47;25;47;25;1
5109;76;0;1;Б;5;5;50;65;90;110;110;35;29;45;29;53;29;53;29;35;29;45;29;53;29;53;29;1
5110;89;0;1;Б;5;5;50;65;90;110;110;38;31;49;31;57;31;57;31;38;31;49;31;57;31;57;31;1
5111;108;0;1;Б;5;5;50;65;90;110;110;42;34;54;34;62;34;62;34;42;34;54;34;62;34;62;34;1
5112;133;0;1;Б;5;5;50;65;90;110;110;45;36;59;36;68;36;68;36;45;36;59;36;68;36;68;36;1
5113;159;0;1;Б;5;5;50;65;90;110;110;52;42;65;42;75;42;75;42;52;42;65;42;75;42;75;42;1
5114;194;0;1;Б;5;5;50;65;90;110;110;56;45;74;45;83;45;83;45;56;45;74;45;83;45;83;45;1
5115;219;0;1;Б;5;5;50;65;90;110;110;62;51;79;51;91;51;91;51;62;51;79;51;91;51;91;51;1
5116;273;0;1;Б;5;5;50;65;90;110;110;72;60;90;60;103;60;103;60;72;60;90;60;103;60;103;60;1
5117;325;0;1;Б;5;5;50;65;90;110;110;81;68;100;68;115;68;115;68;81;68;100;68;115;68;115;68;1
5118;377;0;1;Б;5;5;50;65;90;110;110;88;76;107;76;126;76;126;76;90;76;107;76;126;76;126;76;1
5119;426;0;1;Б;5;5;50;65;90;110;110;98;82;121;82;137;82;137;82;99;82;121;82;137;82;137;82;1
5120;480;0;1;Б;5;5;50;65;90;110;110;107;91;132;91;150;91;150;91;110;91;132;91;150;91;150;91;1
5121;530;0;1;Б;5;5;50;65;90;110;110;115;101;142;101;160;101;160;101;120;101;142;101;160;101;160;101;1
5122;630;0;1;Б;5;5;50;65;90;110;110;132;114;163;114;184;114;184;114;138;114;163;114;184;114;184;114;1
5123;720;0;1;Б;5;5;50;65;90;110;110;147;125;181;125;202;125;202;125;155;125;181;125;202;125;202;125;1
5124;820;0;1;Б;5;5;50;65;90;110;110;163;141;200;141;223;141;223;141;174;141;200;141;223;141;223;141;1
5125;920;0;1;Б;5;5;50;65;90;110;110;178;155;218;155;244;155;244;155;193;155;218;155;244;155;244;155;1
5126;1020;0;1;Б;5;5;50;65;90;110;110;196;170;240;170;266;170;266;170;212;170;240;170;266;170;266;170;1
5127;1220;0;1;Б;5;5;50;65;90;110;110;229;200;282;200;308;200;308;200;229;200;282;200;308;200;308;200;1
5128;1420;0;1;Б;5;5;50;65;90;110;110;260;228;326;228;352;228;352;228;260;228;326;228;352;228;352;228;1
5129;18;0;1;Н;5;5;50;50;75;100;125;11;NULL;19;NULL;27;NULL;33;NULL;11;NULL;19;NULL;27;NULL;33;NULL;1
5130;25;0;1;Н;5;5;50;50;75;100;125;13;NULL;21;NULL;29;NULL;36;NULL;13;NULL;21;NULL;29;NULL;36;NULL;1
5131;32;0;1;Н;5;5;50;50;75;100;125;15;NULL;23;NULL;31;NULL;38;NULL;15;NULL;23;NULL;31;NULL;38;NULL;1
5132;38;0;1;Н;5;5;50;50;75;100;125;16;NULL;24;NULL;33;NULL;41;NULL;16;NULL;24;NULL;33;NULL;41;NULL;1
5133;45;0;1;Н;5;5;50;50;75;100;125;18;NULL;27;NULL;36;NULL;45;NULL;18;NULL;27;NULL;36;NULL;45;NULL;1
5134;57;0;1;Н;5;5;50;50;75;100;125;21;NULL;30;NULL;40;NULL;49;NULL;21;NULL;30;NULL;40;NULL;49;NULL;1
5135;76;0;1;Н;5;5;50;50;75;100;125;25;NULL;35;NULL;45;NULL;55;NULL;25;NULL;35;NULL;45;NULL;55;NULL;1
5136;89;0;1;Н;5;5;50;50;75;100;125;28;NULL;38;NULL;50;NULL;60;NULL;28;NULL;38;NULL;50;NULL;60;NULL;1
5137;108;0;1;Н;5;5;50;50;75;100;125;31;NULL;43;NULL;55;NULL;67;NULL;31;NULL;43;NULL;55;NULL;67;NULL;1
5138;133;0;1;Н;5;5;50;50;75;100;125;35;NULL;48;NULL;60;NULL;74;NULL;35;NULL;48;NULL;60;NULL;74;NULL;1
5139;159;0;1;Н;5;5;50;50;75;100;125;38;NULL;50;NULL;65;NULL;80;NULL;38;NULL;50;NULL;65;NULL;80;NULL;1
5140;194;0;1;Н;5;5;50;50;75;100;125;42;NULL;58;NULL;73;NULL;88;NULL;42;NULL;58;NULL;73;NULL;88;NULL;1
5141;219;0;1;Н;5;5;50;50;75;100;125;46;NULL;60;NULL;78;NULL;95;NULL;46;NULL;60;NULL;78;NULL;95;NULL;1
5142;273;0;1;Н;5;5;50;50;75;100;125;53;NULL;70;NULL;87;NULL;107;NULL;53;NULL;70;NULL;87;NULL;107;NULL;1
5143;325;0;1;Н;5;5;50;50;75;100;125;60;NULL;80;NULL;100;NULL;120;NULL;60;NULL;80;NULL;100;NULL;120;NULL;1
5144;377;0;1;Н;5;5;50;50;75;100;125;71;NULL;93;NULL;114;NULL;135;NULL;71;NULL;93;NULL;114;NULL;135;NULL;1
5145;426;0;1;Н;5;5;50;50;75;100;125;82;NULL;105;NULL;128;NULL;150;NULL;82;NULL;105;NULL;128;NULL;150;NULL;1
5146;480;0;1;Н;5;5;50;50;75;100;125;89;NULL;113;NULL;136;NULL;160;NULL;89;NULL;113;NULL;136;NULL;160;NULL;1
5147;530;0;1;Н;5;5;50;50;75;100;125;95;NULL;120;NULL;145;NULL;170;NULL;95;NULL;120;NULL;145;NULL;170;NULL;1
5148;630;0;1;Н;5;5;50;50;75;100;125;104;NULL;133;NULL;160;NULL;190;NULL;104;NULL;133;NULL;160;NULL;190;NULL;1
5149;720;0;1;Н;5;5;50;50;75;100;125;115;NULL;145;NULL;176;NULL;206;NULL;115;NULL;145;NULL;176;NULL;206;NULL;1
5150;820;0;1;Н;5;5;50;50;75;100;125;135;NULL;168;NULL;200;NULL;233;NULL;135;NULL;168;NULL;200;NULL;233;NULL;1
5151;920;0;1;Н;5;5;50;50;75;100;125;155;NULL;190;NULL;225;NULL;260;NULL;155;NULL;190;NULL;225;NULL;260;NULL;1
5152;1020;0;1;Н;5;5;50;50;75;100;125;180;NULL;220;NULL;255;NULL;292;NULL;180;NULL;220;NULL;255;NULL;292;NULL;1
5153;1220;0;1;Н;5;5;50;50;75;100;125;201;NULL;246;NULL;286;NULL;333;NULL;201;NULL;246;NULL;286;NULL;333;NULL;1
5154;1420;0;1;Н;5;5;50;50;75;100;125;230;NULL;280;NULL;325;NULL;380;NULL;230;NULL;280;NULL;325;NULL;380;NULL;1
5155;0;25;2;К;50;50;50;65;90;110;110;15;10;22;9;27;9;27;9;14;9;20;9;24;8;24;8;1
5156;0;30;2;К;50;50;50;65;90;110;110;16;11;23;10;28;9;28;9;15;10;21;9;26;9;26;9;1
5157;0;40;2;К;50;50;50;65;90;110;110;18;12;25;11;31;10;31;10;15;11;22;10;28;9;28;9;1
5158;0;50;2;К;50;50;50;65;90;110;110;19;13;28;12;34;11;34;11;17;12;24;11;30;10;30;10;1
5159;0;65;2;К;50;50;50;65;90;110;110;23;16;33;14;40;12;40;12;20;14;29;13;34;11;34;11;1
5160;0;80;2;К;50;50;50;65;90;110;110;25;17;35;15;44;13;44;13;22;15;31;14;38;12;38;12;1
5161;0;100;2;К;50;50;50;65;90;110;110;28;19;40;16;49;15;49;15;24;16;35;15;41;13;41;13;1
5162;0;125;2;К;50;50;50;65;90;110;110;29;20;42;17;53;15;53;15;27;18;36;15;43;14;43;14;1
5163;0;150;2;К;50;50;50;65;90;110;110;33;22;46;19;56;16;56;16;28;19;38;16;47;15;47;15;1
5164;0;175;2;К;50;50;50;65;90;110;110;37;25;52;21;64;18;64;18;31;22;42;18;53;16;53;16;1
5165;0;200;2;К;50;50;50;65;90;110;110;41;27;57;22;71;20;71;20;34;23;46;19;59;18;59;18;1
5166;0;250;2;К;50;50;50;65;90;110;110;46;30;65;25;80;22;80;22;39;26;55;22;66;20;66;20;1
5167;0;300;2;К;50;50;50;65;90;110;110;53;34;75;28;89;24;89;24;43;28;60;24;72;22;72;22;1
5168;0;350;2;К;50;50;50;65;90;110;110;59;38;80;29;101;25;101;25;47;32;65;26;81;22;81;22;1
5169;0;400;2;К;50;50;50;65;90;110;110;65;40;94;32;106;26;106;26;50;33;71;28;87;24;87;24;1
5170;0;450;2;К;50;50;50;65;90;110;110;66;42;96;34;116;28;116;28;58;37;80;31;92;25;92;25;1
5171;0;500;2;К;50;50;50;65;90;110;110;76;46;108;37;144;28;144;28;59;38;84;33;101;28;101;28;1
5172;0;600;2;К;50;50;50;65;90;110;110;84;50;121;39;147;30;147;30;68;43;94;35;114;29;114;29;1
5173;0;700;2;К;50;50;50;65;90;110;110;92;54;140;40;159;33;159;33;77;47;108;37;130;32;130;32;1
5174;0;800;2;К;50;50;50;65;90;110;110;112;62;156;41;183;36;183;36;86;52;121;39;140;34;140;34;1
5175;0;900;2;К;50;50;50;65;90;110;110;119;65;164;49;201;38;201;38;91;57;130;46;160;37;160;37;1
5176;0;1000;2;К;50;50;50;65;90;110;110;131;67;171;51;214;42;214;42;101;61;136;49;165;40;165;40;1
5177;0;1200;2;К;50;50;50;65;90;110;110;159;74;221;57;258;46;258;46;124;68;159;55;197;45;197;45;1
5178;0;1400;2;К;50;50;50;65;90;110;110;176;77;245;59;277;50;277;50;131;71;181;59;217;48;217;48;1
5179;0;25;2;Б;50;50;50;65;90;90;90;31;23;41;22;41;22;41;22;28;22;38;21;38;21;38;21;1
5180;0;30;2;Б;50;50;50;65;90;90;90;32;24;43;23;43;23;43;23;29;22;40;22;40;22;40;22;1
5181;0;40;2;Б;50;50;50;65;90;90;90;33;27;47;26;47;26;47;26;32;25;43;23;43;23;43;23;1
5182;0;50;2;Б;50;50;50;65;90;90;90;38;29;52;28;52;28;52;28;34;27;46;25;46;25;46;25;1
5183;0;65;2;Б;50;50;50;65;90;90;90;43;33;58;31;58;31;58;31;39;29;52;28;52;28;52;28;1
5184;0;80;2;Б;50;50;50;65;90;90;90;44;34;59;32;59;32;59;32;40;30;53;29;53;29;53;29;1
5185;0;100;2;Б;50;50;50;65;90;90;90;47;36;64;34;64;34;64;34;42;33;56;30;56;30;56;30;1
5186;0;125;2;Б;50;50;50;65;90;90;90;53;40;70;38;70;38;70;38;46;35;62;34;62;34;62;34;1
5187;0;150;2;Б;50;50;50;65;90;90;90;59;45;78;42;78;42;78;42;52;40;69;37;69;37;69;37;1
5188;0;175;2;Б;50;50;50;65;90;90;90;63;48;83;43;83;43;83;43;54;41;73;40;73;40;73;40;1
5189;0;200;2;Б;50;50;50;65;90;90;90;66;51;87;46;87;46;87;46;57;43;77;41;77;41;77;41;1
5190;0;250;2;Б;50;50;50;65;90;90;90;71;54;96;51;96;51;96;51;62;47;83;44;83;44;83;44;1
5191;0;300;2;Б;50;50;50;65;90;90;90;78;59;105;55;105;55;105;55;68;51;90;48;90;48;90;48;1
5192;0;350;2;Б;50;50;50;65;90;90;90;87;65;115;59;115;59;115;59;74;56;97;52;97;52;97;52;1
5193;0;400;2;Б;50;50;50;65;90;90;90;93;69;121;63;121;63;121;63;78;59;104;54;104;54;104;54;1
5194;0;450;2;Б;50;50;50;65;90;90;90;100;74;130;67;130;67;130;67;84;62;111;58;111;58;111;58;1
5195;0;500;2;Б;50;50;50;65;90;90;90;106;78;140;71;140;71;140;71;90;67;119;62;119;62;119;62;1
5196;0;600;2;Б;50;50;50;65;90;90;90;121;89;160;81;160;81;160;81;101;75;134;69;134;69;134;69;1
5197;0;700;2;Б;50;50;50;65;90;90;90;134;96;175;86;175;86;175;86;108;80;146;74;146;74;146;74;1
5198;0;800;2;Б;50;50;50;65;90;90;90;146;105;195;94;195;94;195;94;121;88;160;80;160;80;160;80;1
5199;0;900;2;Б;50;50;50;65;90;90;90;157;114;214;101;214;101;214;101;132;96;174;86;174;86;174;86;1
5200;0;1000;2;Б;50;50;50;65;90;90;90;168;122;234;109;234;109;234;109;145;103;187;92;187;92;187;92;1
5201;0;1200;2;Б;50;50;50;65;90;90;90;190;139;273;125;273;125;273;125;169;119;215;104;215;104;215;104;1
5202;0;15;2;Н;50;50;50;50;100;150;150;10;NULL;19;NULL;29;NULL;29;NULL;9;NULL;17;NULL;26;NULL;26;NULL;1
5203;0;20;2;Н;50;50;50;50;100;150;150;11;NULL;22;NULL;33;NULL;33;NULL;10;NULL;19;NULL;29;NULL;29;NULL;1
5204;0;25;2;Н;50;50;50;50;100;150;150;13;NULL;24;NULL;36;NULL;36;NULL;11;NULL;22;NULL;32;NULL;32;NULL;1
5205;0;40;2;Н;50;50;50;50;100;150;150;15;NULL;28;NULL;42;NULL;42;NULL;13;NULL;25;NULL;38;NULL;38;NULL;1
5206;0;50;2;Н;50;50;50;50;100;150;150;16;NULL;31;NULL;46;NULL;46;NULL;15;NULL;27;NULL;40;NULL;40;NULL;1
5207;0;65;2;Н;50;50;50;50;100;150;150;20;NULL;35;NULL;53;NULL;53;NULL;16;NULL;31;NULL;46;NULL;46;NULL;1
5208;0;80;2;Н;50;50;50;50;100;150;150;22;NULL;39;NULL;57;NULL;57;NULL;18;NULL;34;NULL;50;NULL;50;NULL;1
5209;0;100;2;Н;50;50;50;50;100;150;150;21;NULL;43;NULL;63;NULL;63;NULL;23;NULL;37;NULL;55;NULL;55;NULL;1
5210;0;125;2;Н;50;50;50;50;100;150;150;28;NULL;48;NULL;70;NULL;70;NULL;24;NULL;42;NULL;60;NULL;60;NULL;1
5211;0;150;2;Н;50;50;50;50;100;150;150;30;NULL;54;NULL;77;NULL;77;NULL;26;NULL;46;NULL;66;NULL;66;NULL;1
5212;0;175;2;Н;50;50;50;50;100;150;150;34;NULL;60;NULL;85;NULL;85;NULL;29;NULL;52;NULL;71;NULL;71;NULL;1
5213;0;200;2;Н;50;50;50;50;100;150;150;38;NULL;66;NULL;94;NULL;94;NULL;32;NULL;56;NULL;80;NULL;80;NULL;1
5214;0;250;2;Н;50;50;50;50;100;150;150;44;NULL;76;NULL;108;NULL;108;NULL;37;NULL;65;NULL;91;NULL;91;NULL;1
5215;0;300;2;Н;50;50;50;50;100;150;150;51;NULL;87;NULL;121;NULL;121;NULL;42;NULL;72;NULL;102;NULL;102;NULL;1
5216;0;1400;2;Б;50;50;50;65;90;90;90;212;157;313;169;313;169;313;169;193;134;243;116;243;116;243;116;1
5217;0;350;2;Н;50;50;50;50;100;150;150;57;NULL;96;NULL;133;NULL;133;NULL;47;NULL;80;NULL;113;NULL;113;NULL;1
5218;0;400;2;Н;50;50;50;50;100;150;150;63;NULL;105;NULL;146;NULL;146;NULL;53;NULL;88;NULL;122;NULL;122;NULL;1
5219;0;450;2;Н;50;50;50;50;100;150;150;69;NULL;114;NULL;157;NULL;157;NULL;56;NULL;94;NULL;131;NULL;131;NULL;1
5220;0;500;2;Н;50;50;50;50;100;150;150;76;NULL;123;NULL;170;NULL;170;NULL;61;NULL;102;NULL;143;NULL;143;NULL;1
5221;0;600;2;Н;50;50;50;50;100;150;150;86;NULL;142;NULL;194;NULL;194;NULL;71;NULL;117;NULL;162;NULL;162;NULL;1
5222;0;700;2;Н;50;50;50;50;100;150;150;98;NULL;158;NULL;215;NULL;215;NULL;79;NULL;130;NULL;180;NULL;180;NULL;1
5223;0;800;2;Н;50;50;50;50;100;150;150;110;NULL;177;NULL;239;NULL;239;NULL;89;NULL;144;NULL;183;NULL;183;NULL;1
5224;0;900;2;Н;50;50;50;50;100;150;150;121;NULL;195;NULL;263;NULL;263;NULL;97;NULL;158;NULL;218;NULL;218;NULL;1
5225;0;1000;2;Н;50;50;50;50;100;150;150;133;NULL;213;NULL;287;NULL;287;NULL;107;NULL;173;NULL;287;NULL;287;NULL;1
5226;0;1200;2;Н;50;50;50;50;100;150;150;157;NULL;249;NULL;333;NULL;333;NULL;126;NULL;202;NULL;274;NULL;274;NULL;1
5227;0;1400;2;Н;50;50;50;50;100;150;150;181;NULL;285;NULL;379;NULL;379;NULL;145;NULL;231;NULL;312;NULL;312;NULL;1
5228;1440;0;1;Б;5;5;50;65;90;110;110;250;230;324;230;360;230;360;230;250;230;324;230;360;230;360;230;1
5229;1480;0;1;Б;5;5;50;65;90;110;110;0;23;9;23;2;23;2;23;0;23;9;23;2;23;2;23;1
5230;1234;0;1;Б;5;5;50;65;90;110;110;9;12;0;12;9;12;9;12;9;12;0;12;9;12;9;12;1
