id;nomer;cxema;sost;kod_po;kod_p;uzel_p;pr_p;kod;uzel;pr;kod_cekz_p;kod_co;uzel_co;pr_co;kod1_gv;uzel1_gv;pr1_gv;kod2_gv;uzel2_gv;pr2_gv;nomer_building;name_building;h;k_akkuml;kodur;kodtr;kod_gvs;kodkv;geodz;otoplz;otopln;otn_fs;otopl_tp;ventil;kondiz;txz;txop;txoo;gvop;gvoo;gvpr;gvsm;gvps;gvpw;uf;gvs_max;rez;t_pot_rez;utechp;utecho;prznz;prznp;przno;pp;po;g_otoplz;g_otopln;g_ventil;g_kondiz;g_gvop;g_gvoo;g_rez;g_gvpr;g_gvsm;g_gvps;g_gvpw;gsz;gszl;gszpr;gsop;gsoppr;gsoo;gsoopr;pr_avar_tp;a13;a15;a14;a17;pr_sopr;pr_teplo;a7;a8;a9;a10;a11;a12;a18;a19;a19_co;a22;a23;pr_shaibi;pr_per_pd;p_per_pd;tr_tv_co;tr_tv_cv;tr_gvs;pr_uchet;a24;a25;pr_avtomat;pp_fact;po_fact;kod_owner;otv;nomer_regist;contract;datenew;motiv1_date;motiv1;motiv2_date;motiv2;kol_remount;vers;date_archives;apxiv;operator;memo;f_otoplz;f_otopln;f_otn_fs;f_otopl_tp;f_ventil;f_kondiz;f_txz;f_txop;f_txoo;f_gvop;f_gvoo;f_gvpr;f_gvsm;f_gvps;f_gvpw;p_otoplz;p_otopln;p_otn_fs;p_otopl_tp;p_ventil;p_kondiz;p_txz;p_txop;p_txoo;p_gvop;p_gvoo;p_gvpr;p_gvsm;p_gvps;p_gvpw
1;1;1.1;1;0;0;0;0;1;1;0;1;0;0;0;0;0;0;0;0;0;0;1;1;1;1;1;0;1;1;2;0;0;2;0;0;0;0;0;0;0;0;0;0;0;0;0;0;0;1;1;0;0;0;0;0;NULL;NULL;NULL;NULL;NULL;NULL;NULL;NULL;NULL;NULL;NULL;1;1;1;0;0;0;0;3;3;3;0;0;0;0;3;0;0;0;0;0;0;0;0;0;0;3;3;3;2;0;0;1;1;0;8;1;1;7;7;7;7;7;7;7;7;7;7;0;7;0;7;1;2;0;0;2;0;0;0;0;0;0;0;0;0;0;0;2;0;0;2;0;0;0;0;0;0;0;0;0;0;0
2;3;1.3;1;0;0;0;0;1;1;0;1;0;0;0;0;0;0;0;0;0;0;1;1;1;1;1;0;1;1;2;0;0;2;0;0;0;0;0;0;0;0;0;0;0;3;0;0;0;1;1;0;0;0;0;0;NULL;NULL;NULL;NULL;NULL;NULL;NULL;NULL;NULL;NULL;NULL;1;1;1;0;0;0;0;3;3;3;3;0;0;0;3;0;0;0;0;0;0;0;0;0;0;3;3;3;2;0;0;1;1;0;8;1;1;7;7;7;7;7;7;7;7;7;7;0;7;0;7;1;2;0;0;2;0;0;0;0;0;0;0;0;0;0;0;2;0;0;2;0;0;0;0;0;0;0;0;0;0;0
3;4;1.5;1;0;0;0;0;1;1;0;0;0;0;0;0;0;0;0;0;0;0;1;1;1;1;1;0;1;1;0;2;0;2;0;0;0;0;0;0;0;0;0;0;0;0;0;0;0;1;1;0;0;0;0;0;NULL;NULL;NULL;NULL;NULL;NULL;NULL;NULL;NULL;NULL;NULL;1;1;1;0;0;0;0;3;3;3;0;0;0;0;3;0;0;0;0;0;0;0;3;0;0;3;3;3;2;0;0;1;1;0;8;1;1;7;7;7;7;7;7;7;7;7;7;0;7;0;7;1;0;2;0;2;0;0;0;0;0;0;0;0;0;0;0;0;2;0;2;0;0;0;0;0;0;0;0;0;0;0
4;5;3.1;1;0;0;0;0;1;1;0;0;0;0;0;0;0;0;0;0;0;0;1;1;1;1;1;1;1;1;2;0;0;2;0;0;0;0;0;0;0;2;0;0;0;0;2;0;0;1;1;0;0;0;0;0;NULL;NULL;NULL;NULL;NULL;NULL;NULL;NULL;NULL;NULL;NULL;1;1;1;0;0;0;0;3;3;3;0;0;0;0;3;0;0;0;0;0;0;3;0;0;3;3;3;3;2;0;2;1;1;0;8;1;1;7;7;7;7;7;7;7;7;7;7;0;7;0;7;1;2;0;0;2;0;0;0;0;0;0;0;2;0;0;0;2;0;0;2;0;0;0;0;0;0;0;2;0;0;0
5;6;3.5;1;0;0;0;0;1;1;0;0;0;0;0;0;0;0;0;0;0;0;1;1;1;1;1;1;1;1;2;0;0;2;0;0;0;0;0;0;0;2;0;0;0;3;2;0;0;1;1;0;0;0;0;0;NULL;NULL;NULL;NULL;NULL;NULL;NULL;NULL;NULL;NULL;NULL;1;1;1;0;0;0;0;3;3;3;3;0;0;0;3;0;0;0;0;0;0;3;0;0;3;3;3;3;2;0;2;1;1;0;8;1;1;7;7;7;7;7;7;7;7;7;7;0;7;0;7;1;2;0;0;2;0;0;0;0;0;0;0;2;0;0;0;2;0;0;2;0;0;0;0;0;0;0;2;0;0;0
6;7;3.9;1;0;0;0;0;1;1;0;0;0;0;0;0;0;0;0;0;0;0;1;1;1;1;1;1;1;1;0;2;0;2;0;0;0;0;0;0;0;2;0;0;0;0;2;0;0;1;1;0;0;0;0;0;NULL;NULL;NULL;NULL;NULL;NULL;NULL;NULL;NULL;NULL;NULL;1;1;1;0;0;0;0;3;3;3;0;0;0;0;3;0;0;0;0;0;0;3;3;0;3;3;3;3;2;0;2;1;1;0;8;1;1;7;7;7;7;7;7;7;7;7;7;0;7;0;7;1;0;2;0;2;0;0;0;0;0;0;0;2;0;0;0;0;2;0;2;0;0;0;0;0;0;0;2;0;0;0
7;8;4.1;1;0;0;0;0;1;1;0;0;0;0;0;0;0;0;0;0;0;0;1;1;1;1;1;1;1;1;2;0;0;2;0;0;0;0;0;0;0;0;2;0;0;0;2;0;0;1;1;0;0;0;0;0;NULL;NULL;NULL;NULL;NULL;NULL;NULL;NULL;NULL;NULL;NULL;1;1;1;0;0;0;0;3;3;3;0;0;0;0;3;0;0;0;0;0;3;3;0;3;3;3;3;3;2;0;2;1;1;0;8;1;1;7;7;7;7;7;7;7;7;7;7;0;7;0;7;1;2;0;0;2;0;0;0;0;0;0;0;0;2;0;0;2;0;0;2;0;0;0;0;0;0;0;0;2;0;0
8;9;4.5;1;0;0;0;0;1;1;0;0;0;0;0;0;0;0;0;0;0;0;1;1;1;1;1;1;1;1;2;0;0;2;0;0;0;0;0;0;0;0;2;0;0;3;2;0;0;1;1;0;0;0;0;0;NULL;NULL;NULL;NULL;NULL;NULL;NULL;NULL;NULL;NULL;NULL;1;1;1;0;0;0;0;3;3;3;3;0;0;0;3;0;0;0;0;0;3;3;0;3;3;3;3;3;2;0;2;1;1;0;8;1;1;7;7;7;7;7;7;7;7;7;7;0;7;0;7;1;2;0;0;2;0;0;0;0;0;0;0;0;2;0;0;2;0;0;2;0;0;0;0;0;0;0;0;2;0;0
9;10;5.1;1;0;0;0;0;1;1;0;0;0;0;0;0;0;0;0;0;0;0;1;1;1;1;1;1;1;1;2;0;0;2;0;0;0;0;0;0;0;0;0;2;0;0;2;0;0;1;1;0;0;0;0;0;NULL;NULL;NULL;NULL;NULL;NULL;NULL;NULL;NULL;NULL;NULL;1;1;1;0;0;0;0;3;3;3;0;3;0;0;3;0;0;0;0;0;3;3;0;3;3;3;3;3;2;0;2;1;1;0;8;1;1;7;7;7;7;7;7;7;7;7;7;0;7;0;7;1;2;0;0;2;0;0;0;0;0;0;0;0;0;2;0;2;0;0;2;0;0;0;0;0;0;0;0;0;2;0
10;11;5.5;1;0;0;0;0;1;1;0;0;0;0;0;0;0;0;0;0;0;0;1;1;1;1;1;1;1;1;2;0;0;2;0;0;0;0;0;0;0;0;0;2;0;3;2;0;0;1;1;0;0;0;0;0;NULL;NULL;NULL;NULL;NULL;NULL;NULL;NULL;NULL;NULL;NULL;1;1;1;0;0;0;0;3;3;3;3;3;0;0;3;0;0;0;0;0;3;3;0;3;3;3;3;3;2;0;2;1;1;0;8;1;1;7;7;7;7;7;7;7;7;7;7;0;7;0;7;1;2;0;0;2;0;0;0;0;0;0;0;0;0;2;0;2;0;0;2;0;0;0;0;0;0;0;0;0;2;0
11;12;5.9;1;0;0;0;0;1;1;0;0;0;0;0;0;0;0;0;0;0;0;1;1;1;1;1;1;1;1;0;2;0;2;0;0;0;0;0;0;0;0;0;2;0;0;2;0;0;1;1;0;0;0;0;0;NULL;NULL;NULL;NULL;NULL;NULL;NULL;NULL;NULL;NULL;NULL;1;1;1;0;0;0;0;3;3;3;0;3;0;0;3;0;0;0;0;0;3;3;3;3;3;3;3;3;2;0;2;1;1;0;8;1;1;7;7;7;7;7;7;7;7;7;7;0;7;0;7;1;0;2;0;2;0;0;0;0;0;0;0;0;0;2;0;0;2;0;2;0;0;0;0;0;0;0;0;0;2;0
12;13;4.9;1;0;0;0;0;1;1;0;0;0;0;0;0;0;0;0;0;0;0;1;1;1;1;1;1;1;1;0;2;0;2;0;0;0;0;0;0;0;0;2;0;0;0;2;0;0;1;1;0;0;0;0;0;NULL;NULL;NULL;NULL;NULL;NULL;NULL;NULL;NULL;NULL;NULL;1;1;1;0;0;0;0;3;3;3;0;0;0;0;3;0;0;0;0;0;3;3;3;3;3;3;3;3;2;0;2;1;1;0;8;1;1;7;7;7;7;7;7;7;7;7;7;0;7;0;7;1;0;2;0;2;0;0;0;0;0;0;0;0;2;0;0;0;2;0;2;0;0;0;0;0;0;0;0;2;0;0
13;14;6.1;1;0;0;0;0;1;1;0;0;0;0;0;0;0;0;0;0;0;0;1;1;1;1;1;1;1;1;2;0;0;2;0;0;0;0;0;2;0;0;0;0;0;0;2;0;0;1;1;0;0;0;0;0;NULL;NULL;NULL;NULL;NULL;NULL;NULL;NULL;NULL;NULL;NULL;1;1;1;1;1;0;0;3;3;3;0;0;0;0;3;0;0;3;0;3;0;0;0;0;0;3;3;3;2;0;2;1;1;0;8;1;1;7;7;7;7;7;7;7;7;7;7;0;7;0;7;1;2;0;0;2;0;0;0;0;0;2;0;0;0;0;0;2;0;0;2;0;0;0;0;0;2;0;0;0;0;0
14;15;7.1;1;0;0;0;0;1;1;0;0;0;0;0;0;0;0;0;0;0;0;1;1;1;1;1;1;1;1;2;0;0;2;0;0;0;0;0;0;2;0;0;0;0;0;2;0;0;1;1;0;0;0;0;0;NULL;NULL;NULL;NULL;NULL;NULL;NULL;NULL;NULL;NULL;NULL;1;1;1;0;0;1;1;3;3;3;0;0;0;0;3;0;0;3;0;3;0;0;0;0;0;3;3;3;2;0;2;1;1;0;8;1;1;7;7;7;7;7;7;7;7;7;7;0;7;0;7;1;2;0;0;2;0;0;0;0;0;0;2;0;0;0;0;2;0;0;2;0;0;0;0;0;0;2;0;0;0;0
15;16;6.5;1;0;0;0;0;1;1;0;0;0;0;0;0;0;0;0;0;0;0;1;1;1;1;1;1;1;1;2;0;0;2;0;0;0;0;0;2;0;0;0;0;0;3;2;0;0;1;1;0;0;0;0;0;NULL;NULL;NULL;NULL;NULL;NULL;NULL;NULL;NULL;NULL;NULL;1;1;1;1;1;0;0;3;3;3;3;0;0;0;3;0;0;3;0;3;0;0;0;0;0;3;3;3;2;0;2;1;1;0;8;1;1;7;7;7;7;7;7;7;7;7;7;0;7;0;7;1;2;0;0;2;0;0;0;0;0;2;0;0;0;0;0;2;0;0;2;0;0;0;0;0;2;0;0;0;0;0
16;17;7.5;1;0;0;0;0;1;1;0;0;0;0;0;0;0;0;0;0;0;0;1;1;1;1;1;1;1;1;2;0;0;2;0;0;0;0;0;0;2;0;0;0;0;3;2;0;0;1;1;0;0;0;0;0;NULL;NULL;NULL;NULL;NULL;NULL;NULL;NULL;NULL;NULL;NULL;1;1;1;0;0;1;1;3;3;3;3;0;0;0;3;0;0;3;0;3;0;0;0;0;0;3;3;3;2;0;2;1;1;0;8;1;1;7;7;7;7;7;7;7;7;7;7;0;7;0;7;1;2;0;0;2;0;0;0;0;0;0;2;0;0;0;0;2;0;0;2;0;0;0;0;0;0;2;0;0;0;0
17;18;6.9;1;0;0;0;0;1;1;0;0;0;0;0;0;0;0;0;0;0;0;1;1;1;1;1;1;1;1;0;2;0;2;0;0;0;0;0;2;0;0;0;0;0;0;2;0;0;1;1;0;0;0;0;0;NULL;NULL;NULL;NULL;NULL;NULL;NULL;NULL;NULL;NULL;NULL;1;1;1;1;1;0;0;3;3;3;0;0;0;0;3;0;0;3;0;3;0;0;3;0;0;3;3;3;2;0;2;1;1;0;8;1;1;7;7;7;7;7;7;7;7;7;7;0;7;0;7;1;0;2;0;2;0;0;0;0;0;2;0;0;0;0;0;0;2;0;2;0;0;0;0;0;2;0;0;0;0;0
18;19;7.9;1;0;0;0;0;1;1;0;0;0;0;0;0;0;0;0;0;0;0;1;1;1;1;1;1;1;1;0;2;0;2;0;0;0;0;0;0;2;0;0;0;0;0;2;0;0;1;1;0;0;0;0;0;NULL;NULL;NULL;NULL;NULL;NULL;NULL;NULL;NULL;NULL;NULL;1;1;1;0;0;1;1;3;3;3;0;0;0;0;3;0;0;3;0;3;0;0;3;0;0;3;3;3;2;0;2;1;1;0;8;1;1;7;7;7;7;7;7;7;7;7;7;0;7;0;7;1;0;2;0;2;0;0;0;0;0;0;2;0;0;0;0;0;2;0;2;0;0;0;0;0;0;2;0;0;0;0
19;20;6.2;1;0;0;0;0;1;1;0;0;0;0;0;0;0;0;0;0;0;0;1;1;1;1;1;1;1;1;2;0;0;2;0;0;0;0;0;2;0;0;0;0;0;0;2;2;2;1;1;0;0;0;0;0;NULL;NULL;NULL;NULL;NULL;NULL;NULL;NULL;NULL;NULL;NULL;1;1;1;1;1;0;0;3;3;3;0;0;0;0;3;0;0;3;3;3;0;0;0;0;0;3;3;3;2;0;2;1;1;1;8;1;1;7;7;7;7;7;7;7;7;7;7;0;7;0;7;1;2;0;0;2;0;0;0;0;0;2;0;0;0;0;0;2;0;0;2;0;0;0;0;0;2;0;0;0;0;0
20;21;6.6;1;0;0;0;0;1;1;0;0;0;0;0;0;0;0;0;0;0;0;1;1;1;1;1;1;1;1;2;0;0;2;0;0;0;0;0;2;0;0;0;0;0;3;2;2;2;1;1;0;0;0;0;0;NULL;NULL;NULL;NULL;NULL;NULL;NULL;NULL;NULL;NULL;NULL;1;1;1;1;1;0;0;3;3;3;3;0;0;0;3;0;0;3;3;3;0;0;0;0;0;3;3;3;2;0;2;1;1;0;8;1;1;7;7;7;7;7;7;7;7;7;7;0;7;0;7;1;2;0;0;2;0;0;0;0;0;2;0;0;0;0;0;2;0;0;2;0;0;0;0;0;2;0;0;0;0;0
21;22;6.10;1;0;0;0;0;1;1;0;0;0;0;0;0;0;0;0;0;0;0;1;1;1;1;1;1;1;1;0;2;0;2;0;0;0;0;0;2;0;0;0;0;0;0;2;2;2;1;1;0;0;0;0;0;NULL;NULL;NULL;NULL;NULL;NULL;NULL;NULL;NULL;NULL;NULL;1;1;1;1;1;0;0;3;3;3;0;0;0;0;3;0;0;3;3;3;0;0;3;0;0;3;3;3;2;0;2;1;1;1;8;1;1;7;7;7;7;7;7;7;7;7;7;0;7;0;7;1;0;2;0;2;0;0;0;0;0;2;0;0;0;0;0;0;2;0;2;0;0;0;0;0;2;0;0;0;0;0
22;23;7.2;1;0;0;0;0;1;1;0;0;0;0;0;0;0;0;0;0;0;0;1;1;1;1;1;1;1;1;2;0;0;2;0;0;0;0;0;0;2;0;0;0;0;0;2;2;2;1;1;0;0;0;0;0;NULL;NULL;NULL;NULL;NULL;NULL;NULL;NULL;NULL;NULL;NULL;1;1;1;0;0;1;1;3;3;3;0;0;0;0;3;0;0;3;3;3;0;0;0;0;0;3;3;3;2;0;2;1;1;0;8;1;1;7;7;7;7;7;7;7;7;7;7;0;7;0;7;1;2;0;0;2;0;0;0;0;0;0;2;0;0;0;0;2;0;0;2;0;0;0;0;0;0;2;0;0;0;0
23;24;7.6;1;0;0;0;0;1;1;0;0;0;0;0;0;0;0;0;0;0;0;1;1;1;1;1;1;1;1;2;0;0;2;0;0;0;0;0;0;2;0;0;0;0;3;2;2;2;1;1;0;0;0;0;0;NULL;NULL;NULL;NULL;NULL;NULL;NULL;NULL;NULL;NULL;NULL;1;1;1;0;0;1;1;3;3;3;3;0;0;0;3;0;0;3;3;3;0;0;0;0;0;3;3;3;2;0;2;1;1;0;8;1;1;7;7;7;7;7;7;7;7;7;7;0;7;0;7;1;2;0;0;2;0;0;0;0;0;0;2;0;0;0;0;2;0;0;2;0;0;0;0;0;0;2;0;0;0;0
24;25;7.10;1;0;0;0;0;1;1;0;0;0;0;0;0;0;0;0;0;0;0;1;1;1;1;1;1;1;1;0;2;0;2;0;0;0;0;0;0;2;0;0;0;0;0;2;2;2;1;1;0;0;0;0;0;NULL;NULL;NULL;NULL;NULL;NULL;NULL;NULL;NULL;NULL;NULL;1;1;1;0;0;1;1;3;3;3;0;0;0;0;3;0;0;3;3;3;0;0;3;0;0;3;3;3;2;0;2;1;1;0;8;1;1;7;7;7;7;7;7;7;7;7;7;0;7;0;7;1;0;2;0;2;0;0;0;0;0;0;2;0;0;0;0;0;2;0;2;0;0;0;0;0;0;2;0;0;0;0
25;26;3.6;1;0;0;0;0;1;1;0;0;0;0;0;0;0;0;0;0;0;0;1;1;1;1;1;1;1;1;2;0;0;2;0;0;0;0;0;0;0;2;0;0;0;3;2;2;2;1;1;0;0;0;0;0;NULL;NULL;NULL;NULL;NULL;NULL;NULL;NULL;NULL;NULL;NULL;1;1;1;0;0;0;0;3;3;3;3;0;0;0;3;0;0;0;0;0;0;3;0;0;3;3;3;3;2;0;2;1;1;0;8;1;1;7;7;7;7;7;7;7;7;7;7;0;7;0;7;1;2;0;0;2;0;0;0;0;0;0;0;2;0;0;0;2;0;0;2;0;0;0;0;0;0;0;2;0;0;0
26;27;4.2;1;0;0;0;0;1;1;0;0;0;0;0;0;0;0;0;0;0;0;1;1;1;1;1;1;1;1;2;0;0;2;0;0;0;0;0;0;0;0;2;0;0;0;2;2;2;1;1;0;0;0;0;0;NULL;NULL;NULL;NULL;NULL;NULL;NULL;NULL;NULL;NULL;NULL;1;1;1;0;0;0;0;3;3;3;0;0;0;0;3;0;0;0;0;0;3;3;0;3;3;3;3;3;2;0;2;1;1;0;8;1;1;7;7;7;7;7;7;7;7;7;7;0;7;0;7;1;2;0;0;2;0;0;0;0;0;0;0;0;2;0;0;2;0;0;2;0;0;0;0;0;0;0;0;2;0;0
27;28;3.10;1;0;0;0;0;1;1;0;0;0;0;0;0;0;0;0;0;0;0;1;1;1;1;1;1;1;1;0;2;0;2;0;0;0;0;0;0;0;2;0;0;0;0;2;2;2;1;1;0;0;0;0;0;NULL;NULL;NULL;NULL;NULL;NULL;NULL;NULL;NULL;NULL;NULL;1;1;1;0;0;0;0;3;3;3;0;0;0;0;3;0;0;0;0;0;0;3;3;0;3;3;3;3;2;0;2;1;1;0;8;1;1;7;7;7;7;7;7;7;7;7;7;0;7;0;7;1;0;2;0;2;0;0;0;0;0;0;0;2;0;0;0;0;2;0;2;0;0;0;0;0;0;0;2;0;0;0
28;29;3.2;1;0;0;0;0;1;1;0;0;0;0;0;0;0;0;0;0;0;0;1;1;1;1;1;1;1;1;2;0;0;2;0;0;0;0;0;0;0;2;0;0;0;0;2;2;2;1;1;0;0;0;0;0;NULL;NULL;NULL;NULL;NULL;NULL;NULL;NULL;NULL;NULL;NULL;1;1;1;0;0;0;0;3;3;3;0;0;0;0;3;0;0;0;0;0;0;3;0;0;3;3;3;3;2;0;2;1;1;0;8;1;1;7;7;7;7;7;7;7;7;7;7;0;7;0;7;1;2;0;0;2;0;0;0;0;0;0;0;2;0;0;0;2;0;0;2;0;0;0;0;0;0;0;2;0;0;0
29;30;4.10;1;0;0;0;0;1;1;0;0;0;0;0;0;0;0;0;0;0;0;1;1;1;1;1;1;1;1;0;2;0;2;0;0;0;0;0;0;0;0;2;0;0;0;2;2;2;1;1;0;0;0;0;0;NULL;NULL;NULL;NULL;NULL;NULL;NULL;NULL;NULL;NULL;NULL;1;1;1;0;0;0;0;3;3;3;0;0;0;0;3;0;0;0;0;0;3;3;3;3;3;3;3;3;2;0;2;1;1;0;8;1;1;7;7;7;7;7;7;7;7;7;7;0;7;0;7;1;0;2;0;2;0;0;0;0;0;0;0;0;2;0;0;0;2;0;2;0;0;0;0;0;0;0;0;2;0;0
30;31;5.6;1;0;0;0;0;1;1;0;0;0;0;0;0;0;0;0;0;0;0;1;1;1;1;1;1;1;1;2;0;0;2;0;0;0;0;0;0;0;0;0;2;0;3;2;2;2;1;1;0;0;0;0;0;NULL;NULL;NULL;NULL;NULL;NULL;NULL;NULL;NULL;NULL;NULL;1;1;1;0;0;0;0;3;3;3;3;3;0;0;3;0;0;0;0;0;3;3;0;3;3;3;3;3;2;0;2;1;1;0;8;1;1;7;7;7;7;7;7;7;7;7;7;0;7;0;7;1;2;0;0;2;0;0;0;0;0;0;0;0;0;2;0;2;0;0;2;0;0;0;0;0;0;0;0;0;2;0
31;32;4.6;1;0;0;0;0;1;1;0;0;0;0;0;0;0;0;0;0;0;0;1;1;1;1;1;1;1;1;2;0;0;2;0;0;0;0;0;0;0;0;2;0;0;3;2;2;2;1;1;0;0;0;0;0;NULL;NULL;NULL;NULL;NULL;NULL;NULL;NULL;NULL;NULL;NULL;1;1;1;0;0;0;0;3;3;3;3;0;0;0;3;0;0;0;0;0;3;3;0;3;3;3;3;3;2;0;2;1;1;0;8;1;1;7;7;7;7;7;7;7;7;7;7;0;7;0;7;1;2;0;0;2;0;0;0;0;0;0;0;0;2;0;0;2;0;0;2;0;0;0;0;0;0;0;0;2;0;0
32;33;5.2;1;0;0;0;0;1;1;0;0;0;0;0;0;0;0;0;0;0;0;1;1;1;1;1;1;1;1;2;0;0;2;0;0;0;0;0;0;0;0;0;2;0;0;2;2;2;1;1;0;0;0;0;0;NULL;NULL;NULL;NULL;NULL;NULL;NULL;NULL;NULL;NULL;NULL;1;1;1;0;0;0;0;3;3;3;0;3;0;0;3;0;0;0;0;0;3;3;0;3;3;3;3;3;2;0;2;1;1;0;8;1;1;7;7;7;7;7;7;7;7;7;7;0;7;0;7;1;2;0;0;2;0;0;0;0;0;0;0;0;0;2;0;2;0;0;2;0;0;0;0;0;0;0;0;0;2;0
33;34;5.10;1;0;0;0;0;1;1;0;0;0;0;0;0;0;0;0;0;0;0;1;1;1;1;1;1;1;1;0;2;0;2;0;0;0;0;0;0;0;0;0;2;0;0;2;2;2;1;1;0;0;0;0;0;NULL;NULL;NULL;NULL;NULL;NULL;NULL;NULL;NULL;NULL;NULL;1;1;1;0;0;0;0;3;3;3;0;3;0;0;3;0;0;0;0;0;3;3;3;3;3;3;3;3;2;0;2;1;1;0;8;1;1;7;7;7;7;7;7;7;7;7;7;0;7;0;7;1;0;2;0;2;0;0;0;0;0;0;0;0;0;2;0;0;2;0;2;0;0;0;0;0;0;0;0;0;2;0
34;35;2.1;1;0;0;0;0;1;1;0;0;0;0;0;0;0;0;0;0;0;0;1;1;1;1;1;0;1;1;0;0;0;0;2;0;0;0;0;0;0;0;0;0;0;0;0;0;0;1;1;0;0;0;0;0;NULL;NULL;NULL;NULL;NULL;NULL;NULL;NULL;NULL;NULL;NULL;1;1;1;0;0;0;0;3;3;3;0;0;0;0;0;3;0;0;0;0;0;0;0;0;0;3;3;3;0;2;0;1;0;1;8;1;1;7;7;7;7;7;7;7;7;7;7;0;7;0;7;1;0;0;0;0;2;0;0;0;0;0;0;0;0;0;0;0;0;0;0;2;0;0;0;0;0;0;0;0;0;0
35;36;1.2;1;0;0;0;0;1;1;0;0;0;0;0;0;0;0;0;0;0;0;1;1;1;1;1;0;1;1;2;0;0;2;2;0;0;0;0;0;0;0;0;0;0;0;0;0;0;1;1;0;0;0;0;0;NULL;NULL;NULL;NULL;NULL;NULL;NULL;NULL;NULL;NULL;NULL;1;1;1;0;0;0;0;3;3;3;0;0;0;0;3;3;0;0;0;0;0;0;0;0;0;3;3;3;2;2;0;1;1;1;8;1;1;7;7;7;7;7;7;7;7;7;7;0;7;0;7;1;2;0;0;2;2;0;0;0;0;0;0;0;0;0;0;2;0;0;2;2;0;0;0;0;0;0;0;0;0;0
36;37;1.4;1;0;0;0;0;1;1;0;0;0;0;0;0;0;0;0;0;0;0;1;1;1;1;1;0;1;1;2;0;0;2;2;0;0;0;0;0;0;0;0;0;0;3;0;0;0;1;1;0;0;0;0;0;NULL;NULL;NULL;NULL;NULL;NULL;NULL;NULL;NULL;NULL;NULL;1;1;1;0;0;0;0;3;3;3;3;0;0;0;3;3;0;0;0;0;0;0;0;0;0;3;3;3;2;2;0;1;1;1;8;1;1;7;7;7;7;7;7;7;7;7;7;0;7;0;7;1;2;0;0;2;2;0;0;0;0;0;0;0;0;0;0;2;0;0;2;2;0;0;0;0;0;0;0;0;0;0
37;38;1.6;1;0;0;0;0;1;1;0;0;0;0;0;0;0;0;0;0;0;0;1;1;1;1;1;0;1;1;0;2;0;2;2;0;0;0;0;0;0;0;0;0;0;0;0;0;0;1;1;0;0;0;0;0;NULL;NULL;NULL;NULL;NULL;NULL;NULL;NULL;NULL;NULL;NULL;1;1;1;0;0;0;0;3;3;3;0;0;0;0;3;3;0;0;0;0;0;0;3;0;0;3;3;3;2;2;0;1;1;1;8;1;1;7;7;7;7;7;7;7;7;7;7;0;7;0;7;1;0;2;0;2;2;0;0;0;0;0;0;0;0;0;0;0;2;0;2;2;0;0;0;0;0;0;0;0;0;0
38;39;3.3;1;0;0;0;0;1;1;0;0;0;0;0;0;0;0;0;0;0;0;1;1;1;1;1;1;1;1;2;0;0;2;2;0;0;0;0;0;0;2;0;0;0;0;2;0;0;1;1;0;0;0;0;0;NULL;NULL;NULL;NULL;NULL;NULL;NULL;NULL;NULL;NULL;NULL;1;1;1;0;0;0;0;3;3;3;0;0;0;0;3;3;0;0;0;0;0;3;0;0;3;3;3;3;2;2;2;1;1;1;8;1;1;7;7;7;7;7;7;7;7;7;7;0;7;0;7;1;2;0;0;2;2;0;0;0;0;0;0;2;0;0;0;2;0;0;2;2;0;0;0;0;0;0;2;0;0;0
39;40;3.4;1;0;0;0;0;1;1;0;0;0;0;0;0;0;0;0;0;0;0;1;1;1;1;1;1;1;1;2;0;0;2;2;0;0;0;0;0;0;2;0;0;0;0;2;2;2;1;1;0;0;0;0;0;NULL;NULL;NULL;NULL;NULL;NULL;NULL;NULL;NULL;NULL;NULL;1;1;1;0;0;0;0;3;3;3;0;0;0;0;3;3;0;0;0;0;0;3;0;0;3;3;3;3;2;2;2;1;1;1;8;1;1;7;7;7;7;7;7;7;7;7;7;0;7;0;7;1;2;0;0;2;2;0;0;0;0;0;0;2;0;0;0;2;0;0;2;2;0;0;0;0;0;0;2;0;0;0
40;41;3.7;1;0;0;0;0;1;1;0;0;0;0;0;0;0;0;0;0;0;0;1;1;1;1;1;1;1;1;2;0;0;2;2;0;0;0;0;0;0;2;0;0;0;3;2;0;0;1;1;0;0;0;0;0;NULL;NULL;NULL;NULL;NULL;NULL;NULL;NULL;NULL;NULL;NULL;1;1;1;0;0;0;0;3;3;3;3;0;0;0;3;3;0;0;0;0;0;3;0;0;3;3;3;3;2;2;2;1;1;1;8;1;1;7;7;7;7;7;7;7;7;7;7;0;7;0;7;1;2;0;0;2;2;0;0;0;0;0;0;2;0;0;0;2;0;0;2;2;0;0;0;0;0;0;2;0;0;0
41;42;3.8;1;0;0;0;0;1;1;0;0;0;0;0;0;0;0;0;0;0;0;1;1;1;1;1;1;1;1;2;0;0;2;2;0;0;0;0;0;0;2;0;0;0;3;2;2;2;1;1;0;0;0;0;0;NULL;NULL;NULL;NULL;NULL;NULL;NULL;NULL;NULL;NULL;NULL;1;1;1;0;0;0;0;3;3;3;3;0;0;0;3;3;0;0;0;0;0;3;0;0;3;3;3;3;2;2;2;1;1;1;8;1;1;7;7;7;7;7;7;7;7;7;7;0;7;0;7;1;2;0;0;2;2;0;0;0;0;0;0;2;0;0;0;2;0;0;2;2;0;0;0;0;0;0;2;0;0;0
42;43;3.11;1;0;0;0;0;1;1;0;0;0;0;0;0;0;0;0;0;0;0;1;1;1;1;1;1;1;1;0;2;0;2;2;0;0;0;0;0;0;2;0;0;0;0;2;0;0;1;1;0;0;0;0;0;NULL;NULL;NULL;NULL;NULL;NULL;NULL;NULL;NULL;NULL;NULL;1;1;1;0;0;0;0;3;3;3;0;0;0;0;3;3;0;0;0;0;0;3;3;0;3;3;3;3;2;2;2;1;1;1;8;1;1;7;7;7;7;7;7;7;7;7;7;0;7;0;7;1;0;2;0;2;2;0;0;0;0;0;0;2;0;0;0;0;2;0;2;2;0;0;0;0;0;0;2;0;0;0
43;44;3.12;1;0;0;0;0;1;1;0;0;0;0;0;0;0;0;0;0;0;0;1;1;1;1;1;1;1;1;0;2;0;2;2;0;0;0;0;0;0;2;0;0;0;0;2;2;2;1;1;0;0;0;0;0;NULL;NULL;NULL;NULL;NULL;NULL;NULL;NULL;NULL;NULL;NULL;1;1;1;0;0;0;0;3;3;3;0;0;0;0;3;3;0;0;0;0;0;3;3;0;3;3;3;3;2;2;2;1;1;1;8;1;1;7;7;7;7;7;7;7;7;7;7;0;7;0;7;1;0;2;0;2;2;0;0;0;0;0;0;2;0;0;0;0;2;0;2;2;0;0;0;0;0;0;2;0;0;0
44;46;4.3;1;0;0;0;0;1;1;0;0;0;0;0;0;0;0;0;0;0;0;1;1;1;1;1;1;1;1;2;0;0;2;2;0;0;0;0;0;0;0;2;0;0;0;2;0;0;1;1;0;0;0;0;0;NULL;NULL;NULL;NULL;NULL;NULL;NULL;NULL;NULL;NULL;NULL;1;1;1;0;0;0;0;3;3;3;0;0;0;0;3;3;0;0;0;0;3;3;0;3;3;3;3;3;2;2;2;1;1;1;8;1;1;7;7;7;7;7;7;7;7;7;7;0;7;0;7;1;2;0;0;2;2;0;0;0;0;0;0;0;2;0;0;2;0;0;2;2;0;0;0;0;0;0;0;2;0;0
45;48;4.4;1;0;0;0;0;1;1;0;0;0;0;0;0;0;0;0;0;0;0;1;1;1;1;1;1;1;1;2;0;0;2;2;0;0;0;0;0;0;0;2;0;0;0;2;2;2;1;1;0;0;0;0;0;NULL;NULL;NULL;NULL;NULL;NULL;NULL;NULL;NULL;NULL;NULL;1;1;1;0;0;0;0;3;3;3;0;0;0;0;3;3;0;0;0;0;3;3;0;3;3;3;3;3;2;2;2;1;1;1;8;1;1;7;7;7;7;7;7;7;7;7;7;0;7;0;7;1;2;0;0;2;2;0;0;0;0;0;0;0;2;0;0;2;0;0;2;2;0;0;0;0;0;0;0;2;0;0
46;49;4.7;1;0;0;0;0;1;1;0;0;0;0;0;0;0;0;0;0;0;0;1;1;1;1;1;1;1;1;2;0;0;2;2;0;0;0;0;0;0;0;2;0;0;3;2;0;0;1;1;0;0;0;0;0;NULL;NULL;NULL;NULL;NULL;NULL;NULL;NULL;NULL;NULL;NULL;1;1;1;0;0;0;0;3;3;3;3;0;0;0;3;3;0;0;0;0;3;3;0;3;3;3;3;3;2;2;2;1;1;1;8;1;1;7;7;7;7;7;7;7;7;7;7;0;7;0;7;1;2;0;0;2;2;0;0;0;0;0;0;0;2;0;0;2;0;0;2;2;0;0;0;0;0;0;0;2;0;0
47;50;4.8;1;0;0;0;0;1;1;0;0;0;0;0;0;0;0;0;0;0;0;1;1;1;1;1;1;1;1;2;0;0;2;2;0;0;0;0;0;0;0;2;0;0;3;2;2;2;1;1;0;0;0;0;0;NULL;NULL;NULL;NULL;NULL;NULL;NULL;NULL;NULL;NULL;NULL;1;1;1;0;0;0;0;3;3;3;3;0;0;0;3;3;0;0;0;0;3;3;0;3;3;3;3;3;2;2;2;1;1;1;8;1;1;7;7;7;7;7;7;7;7;7;7;0;7;0;7;1;2;0;0;2;2;0;0;0;0;0;0;0;2;0;0;2;0;0;2;2;0;0;0;0;0;0;0;2;0;0
48;51;4.11;1;0;0;0;0;1;1;0;0;0;0;0;0;0;0;0;0;0;0;1;1;1;1;1;1;1;1;0;2;0;2;2;0;0;0;0;0;0;0;2;0;0;0;2;0;0;1;1;0;0;0;0;0;NULL;NULL;NULL;NULL;NULL;NULL;NULL;NULL;NULL;NULL;NULL;1;1;1;0;0;0;0;3;3;3;0;0;0;0;3;3;0;0;0;0;3;3;3;3;3;3;3;3;2;2;2;1;1;1;8;1;1;7;7;7;7;7;7;7;7;7;7;0;7;0;7;1;0;2;0;2;2;0;0;0;0;0;0;0;2;0;0;0;2;0;2;2;0;0;0;0;0;0;0;2;0;0
49;52;4.12;1;0;0;0;0;1;1;0;0;0;0;0;0;0;0;0;0;0;0;1;1;1;1;1;1;1;1;0;2;0;2;2;0;0;0;0;0;0;0;2;0;0;0;2;2;2;1;1;0;0;0;0;0;NULL;NULL;NULL;NULL;NULL;NULL;NULL;NULL;NULL;NULL;NULL;1;1;1;0;0;0;0;3;3;3;0;0;0;0;3;3;0;0;0;0;3;3;3;3;3;3;3;3;2;2;2;1;1;1;8;1;1;7;7;7;7;7;7;7;7;7;7;0;7;0;7;1;0;2;0;2;2;0;0;0;0;0;0;0;2;0;0;0;2;0;2;2;0;0;0;0;0;0;0;2;0;0
50;53;5.3;1;0;0;0;0;1;1;0;0;0;0;0;0;0;0;0;0;0;0;1;1;1;1;1;1;1;1;2;0;0;2;2;0;0;0;0;0;0;0;0;2;0;0;2;0;0;1;1;0;0;0;0;0;NULL;NULL;NULL;NULL;NULL;NULL;NULL;NULL;NULL;NULL;NULL;1;1;1;0;0;0;0;3;3;3;0;3;0;0;3;3;0;0;0;0;3;3;0;3;3;3;3;3;2;2;2;1;1;1;8;1;1;7;7;7;7;7;7;7;7;7;7;0;7;0;7;1;2;0;0;2;2;0;0;0;0;0;0;0;0;2;0;2;0;0;2;2;0;0;0;0;0;0;0;0;2;0
51;54;5.4;1;0;0;0;0;1;1;0;0;0;0;0;0;0;0;0;0;0;0;1;1;1;1;1;1;1;1;2;0;0;2;2;0;0;0;0;0;0;0;0;2;0;0;2;2;2;1;1;0;0;0;0;0;NULL;NULL;NULL;NULL;NULL;NULL;NULL;NULL;NULL;NULL;NULL;1;1;1;0;0;0;0;3;3;3;0;3;0;0;3;3;0;0;0;0;3;3;0;3;3;3;3;3;2;2;2;1;1;0;8;1;1;7;7;7;7;7;7;7;7;7;7;0;7;0;7;1;2;0;0;2;2;0;0;0;0;0;0;0;0;2;0;2;0;0;2;2;0;0;0;0;0;0;0;0;2;0
52;55;5.7;1;0;0;0;0;1;1;0;0;0;0;0;0;0;0;0;0;0;0;1;1;1;1;1;1;1;1;2;0;0;2;2;0;0;0;0;0;0;0;0;2;0;3;2;0;0;1;1;0;0;0;0;0;NULL;NULL;NULL;NULL;NULL;NULL;NULL;NULL;NULL;NULL;NULL;1;1;1;0;0;0;0;3;3;3;3;3;0;0;3;3;0;0;0;0;3;3;0;3;3;3;3;3;2;2;2;1;1;1;8;1;1;7;7;7;7;7;7;7;7;7;7;0;7;0;7;1;2;0;0;2;2;0;0;0;0;0;0;0;0;2;0;2;0;0;2;2;0;0;0;0;0;0;0;0;2;0
53;56;5.8;1;0;0;0;0;1;1;0;0;0;0;0;0;0;0;0;0;0;0;1;1;1;1;1;1;1;1;2;0;0;2;2;0;0;0;0;0;0;0;0;2;0;3;2;2;2;1;1;0;0;0;0;0;NULL;NULL;NULL;NULL;NULL;NULL;NULL;NULL;NULL;NULL;NULL;1;1;1;0;0;0;0;3;3;3;3;3;0;0;3;3;0;0;0;0;3;3;0;3;3;3;3;3;2;2;2;1;1;1;8;1;1;7;7;7;7;7;7;7;7;7;7;0;7;0;7;1;2;0;0;2;2;0;0;0;0;0;0;0;0;2;0;2;0;0;2;2;0;0;0;0;0;0;0;0;2;0
54;57;5.11;1;0;0;0;0;1;1;0;0;0;0;0;0;0;0;0;0;0;0;1;1;1;1;1;1;1;1;0;2;0;2;2;0;0;0;0;0;0;0;0;2;0;0;2;0;0;1;1;0;0;0;0;0;NULL;NULL;NULL;NULL;NULL;NULL;NULL;NULL;NULL;NULL;NULL;1;1;1;0;0;0;0;3;3;3;0;3;0;0;3;3;0;0;0;0;3;3;3;3;3;3;3;3;2;2;2;1;1;1;8;1;1;7;7;7;7;7;7;7;7;7;7;0;7;0;7;1;0;2;0;2;2;0;0;0;0;0;0;0;0;2;0;0;2;0;2;2;0;0;0;0;0;0;0;0;2;0
55;58;5.12;1;0;0;0;0;1;1;0;0;0;0;0;0;0;0;0;0;0;0;1;1;1;1;1;1;1;1;0;2;0;2;2;0;0;0;0;0;0;0;0;2;0;0;2;2;2;1;1;0;0;0;0;0;NULL;NULL;NULL;NULL;NULL;NULL;NULL;NULL;NULL;NULL;NULL;1;1;1;0;0;0;0;3;3;3;0;3;0;0;3;3;0;0;0;0;3;3;3;3;3;3;3;3;2;2;2;1;1;1;8;1;1;7;7;7;7;7;7;7;7;7;7;0;7;0;7;1;0;2;0;2;2;0;0;0;0;0;0;0;0;2;0;0;2;0;2;2;0;0;0;0;0;0;0;0;2;0
56;59;6.3;1;0;0;0;0;1;1;0;0;0;0;0;0;0;0;0;0;0;0;1;1;1;1;1;1;1;1;2;0;0;2;2;0;0;0;0;2;0;0;0;0;0;0;2;0;0;1;1;0;0;0;0;0;NULL;NULL;NULL;NULL;NULL;NULL;NULL;NULL;NULL;NULL;NULL;1;1;1;1;1;0;0;3;3;3;0;0;0;0;3;3;0;3;0;3;0;0;0;0;0;3;3;3;2;2;2;1;1;1;8;1;1;7;7;7;7;7;7;7;7;7;7;0;7;0;7;1;2;0;0;2;2;0;0;0;0;2;0;0;0;0;0;2;0;0;2;2;0;0;0;0;2;0;0;0;0;0
57;60;6.7;1;0;0;0;0;1;1;0;0;0;0;0;0;0;0;0;0;0;0;1;1;1;1;1;1;1;1;2;0;0;2;2;0;0;0;0;2;0;0;0;0;0;3;2;0;0;1;1;0;0;0;0;0;NULL;NULL;NULL;NULL;NULL;NULL;NULL;NULL;NULL;NULL;NULL;1;1;1;1;1;0;0;3;3;3;3;0;0;0;3;3;0;3;0;3;0;0;0;0;0;3;3;3;2;2;2;1;1;1;8;1;1;7;7;7;7;7;7;7;7;7;7;0;7;0;7;1;2;0;0;2;2;0;0;0;0;2;0;0;0;0;0;2;0;0;2;2;0;0;0;0;2;0;0;0;0;0
58;61;6.8;1;0;0;0;0;1;1;0;0;0;0;0;0;0;0;0;0;0;0;1;1;1;1;1;1;1;1;2;0;0;2;2;0;0;0;0;2;0;0;0;0;0;3;2;2;2;1;1;0;0;0;0;0;NULL;NULL;NULL;NULL;NULL;NULL;NULL;NULL;NULL;NULL;NULL;1;1;1;1;1;0;0;3;3;3;3;0;0;0;3;3;0;3;3;3;0;0;0;0;0;3;3;3;2;2;2;1;1;0;8;1;1;7;7;7;7;7;7;7;7;7;7;0;7;0;7;1;2;0;0;2;2;0;0;0;0;2;0;0;0;0;0;2;0;0;2;2;0;0;0;0;2;0;0;0;0;0
59;62;6.11;1;0;0;0;0;1;1;0;0;0;0;0;0;0;0;0;0;0;0;1;1;1;1;1;1;1;1;0;2;0;2;2;0;0;0;0;2;0;0;0;0;0;0;2;0;0;1;1;0;0;0;0;0;NULL;NULL;NULL;NULL;NULL;NULL;NULL;NULL;NULL;NULL;NULL;1;1;1;1;1;0;0;3;3;3;0;0;0;0;3;3;0;3;0;3;0;0;3;0;0;3;3;3;2;2;2;1;1;1;8;1;1;7;7;7;7;7;7;7;7;7;7;0;7;0;7;1;0;2;0;2;2;0;0;0;0;2;0;0;0;0;0;0;2;0;2;2;0;0;0;0;2;0;0;0;0;0
60;63;6.12;1;0;0;0;0;1;1;0;0;0;0;0;0;0;0;0;0;0;0;1;1;1;1;1;1;1;1;0;2;0;2;2;0;0;0;0;2;0;0;0;0;0;0;2;2;2;1;1;0;0;0;0;0;NULL;NULL;NULL;NULL;NULL;NULL;NULL;NULL;NULL;NULL;NULL;1;1;1;1;1;0;0;3;3;3;0;0;0;0;3;3;0;3;3;3;0;0;3;0;0;3;3;3;2;2;2;1;1;1;8;1;1;7;7;7;7;7;7;7;7;7;7;0;7;0;7;1;0;2;0;2;2;0;0;0;0;2;0;0;0;0;0;0;2;0;2;2;0;0;0;0;2;0;0;0;0;0
61;64;7.7;1;0;0;0;0;1;1;0;0;0;0;0;0;0;0;0;0;0;0;1;1;1;1;1;1;1;1;2;0;0;2;2;0;0;0;0;0;2;0;0;0;0;3;2;0;0;1;1;0;0;0;0;0;NULL;NULL;NULL;NULL;NULL;NULL;NULL;NULL;NULL;NULL;NULL;1;1;1;0;0;1;1;3;3;3;3;0;0;0;3;3;0;3;0;3;0;0;0;0;0;3;3;3;2;2;2;1;1;1;8;1;1;7;7;7;7;7;7;7;7;7;7;0;7;0;7;1;2;0;0;2;2;0;0;0;0;0;2;0;0;0;0;2;0;0;2;2;0;0;0;0;0;2;0;0;0;0
62;65;7.3;1;0;0;0;0;1;1;0;0;0;0;0;0;0;0;0;0;0;0;1;1;1;1;1;1;1;1;2;0;0;2;2;0;0;0;0;0;2;0;0;0;0;0;2;0;0;1;1;0;0;0;0;0;NULL;NULL;NULL;NULL;NULL;NULL;NULL;NULL;NULL;NULL;NULL;1;1;1;0;0;1;1;3;3;3;0;0;0;0;3;3;0;3;0;3;0;0;0;0;0;3;3;3;2;2;2;1;1;1;8;1;1;7;7;7;7;7;7;7;7;7;7;0;7;0;7;1;2;0;0;2;2;0;0;0;0;0;2;0;0;0;0;2;0;0;2;2;0;0;0;0;0;2;0;0;0;0
63;66;7.4;1;0;0;0;0;1;1;0;0;0;0;0;0;0;0;0;0;0;0;1;1;1;1;1;1;1;1;2;0;0;2;2;0;0;0;0;0;2;0;0;0;0;0;2;2;2;1;1;0;0;0;0;0;NULL;NULL;NULL;NULL;NULL;NULL;NULL;NULL;NULL;NULL;NULL;1;1;1;0;0;1;1;3;3;3;0;0;0;0;3;3;0;3;3;3;0;0;0;0;0;3;3;3;2;2;2;1;1;1;8;1;1;7;7;7;7;7;7;7;7;7;7;0;7;0;7;1;2;0;0;2;2;0;0;0;0;0;2;0;0;0;0;2;0;0;2;2;0;0;0;0;0;2;0;0;0;0
64;67;7.8;1;0;0;0;0;1;1;0;0;0;0;0;0;0;0;0;0;0;0;1;1;1;1;1;1;1;1;2;0;0;2;2;0;0;0;0;0;2;0;0;0;0;3;2;2;2;1;1;0;0;0;0;0;NULL;NULL;NULL;NULL;NULL;NULL;NULL;NULL;NULL;NULL;NULL;1;1;1;0;0;1;1;3;3;3;3;0;0;0;3;3;0;3;3;3;0;0;0;0;0;3;3;3;2;2;2;1;1;1;8;1;1;7;7;7;7;7;7;7;7;7;7;0;7;0;7;1;2;0;0;2;2;0;0;0;0;0;2;0;0;0;0;2;0;0;2;2;0;0;0;0;0;2;0;0;0;0
65;68;7.11;1;0;0;0;0;1;1;0;0;0;0;0;0;0;0;0;0;0;0;1;1;1;1;1;1;1;1;0;2;0;2;2;0;0;0;0;0;2;0;0;0;0;0;2;0;0;1;1;0;0;0;0;0;NULL;NULL;NULL;NULL;NULL;NULL;NULL;NULL;NULL;NULL;NULL;1;1;1;0;0;1;1;3;3;3;0;0;0;0;3;3;0;3;0;3;0;0;3;0;0;3;3;3;2;2;2;1;1;1;8;1;1;7;7;7;7;7;7;7;7;7;7;0;7;0;7;1;0;2;0;2;2;0;0;0;0;0;2;0;0;0;0;0;2;0;2;2;0;0;0;0;0;2;0;0;0;0
66;69;7.12;1;0;0;0;0;1;1;0;0;0;0;0;0;0;0;0;0;0;0;1;1;1;1;1;1;1;1;0;2;0;2;2;0;0;0;0;0;2;0;0;0;0;0;2;2;2;1;1;0;0;0;0;0;NULL;NULL;NULL;NULL;NULL;NULL;NULL;NULL;NULL;NULL;NULL;1;1;1;0;0;1;1;3;3;3;0;0;0;0;3;3;0;3;3;3;0;0;3;0;0;3;3;3;2;2;2;1;1;1;8;1;1;7;7;7;7;7;7;7;7;7;7;0;7;0;7;1;0;2;0;2;2;0;0;0;0;0;2;0;0;0;0;0;2;0;2;2;0;0;0;0;0;2;0;0;0;0
67;71;15.1;1;0;0;0;0;1;1;0;0;0;0;0;0;0;0;0;0;0;0;1;1;1;1;1;1;1;1;2;0;0;2;0;0;0;0;0;0;0;0;0;0;2;0;2;0;0;1;1;0;0;0;0;0;NULL;NULL;NULL;NULL;NULL;NULL;NULL;NULL;NULL;NULL;NULL;1;1;1;0;0;0;0;3;3;3;0;3;0;0;3;0;0;0;0;0;0;3;0;0;3;3;3;3;2;0;2;1;1;0;8;1;1;7;7;7;7;7;7;7;7;7;7;0;7;0;7;1;2;0;0;2;0;0;0;0;0;0;0;0;0;0;2;2;0;0;2;0;0;0;0;0;0;0;0;0;0;2
68;72;15.10;1;0;0;0;0;1;1;0;0;0;0;0;0;0;0;0;0;0;0;1;1;1;1;1;1;1;1;0;2;0;2;0;0;0;0;0;0;0;0;0;0;2;0;2;2;2;1;1;0;0;0;0;0;NULL;NULL;NULL;NULL;NULL;NULL;NULL;NULL;NULL;NULL;NULL;1;1;1;0;0;0;0;3;3;3;0;3;0;0;3;0;0;0;0;0;0;3;3;0;3;3;3;3;2;0;2;1;1;0;8;1;1;7;7;7;7;7;7;7;7;7;7;0;7;0;7;1;0;2;0;2;0;0;0;0;0;0;0;0;0;0;2;0;2;0;2;0;0;0;0;0;0;0;0;0;0;2
69;73;15.11;1;0;0;0;0;1;1;0;0;0;0;0;0;0;0;0;0;0;0;1;1;1;1;1;1;1;1;0;2;0;2;2;0;0;0;0;0;0;0;0;0;2;0;2;0;0;1;1;0;0;0;0;0;NULL;NULL;NULL;NULL;NULL;NULL;NULL;NULL;NULL;NULL;NULL;1;1;1;0;0;0;0;3;3;3;0;3;0;0;3;3;0;0;0;0;0;3;3;0;3;3;3;3;2;2;2;1;1;1;8;1;1;7;7;7;7;7;7;7;7;7;7;0;7;0;7;1;0;2;0;2;2;0;0;0;0;0;0;0;0;0;2;0;2;0;2;2;0;0;0;0;0;0;0;0;0;2
70;74;15.12;1;0;0;0;0;1;1;0;0;0;0;0;0;0;0;0;0;0;0;1;1;1;1;1;1;1;1;0;2;0;2;2;0;0;0;0;0;0;0;0;0;2;0;2;2;2;1;1;0;0;0;0;0;NULL;NULL;NULL;NULL;NULL;NULL;NULL;NULL;NULL;NULL;NULL;1;1;1;0;0;0;0;3;3;3;0;3;0;0;3;3;0;0;0;0;0;3;3;0;3;3;3;3;2;2;2;1;1;1;8;1;1;7;7;7;7;7;7;7;7;7;7;0;7;0;7;1;0;2;0;2;2;0;0;0;0;0;0;0;0;0;2;0;2;0;2;2;0;0;0;0;0;0;0;0;0;2
71;75;15.2;1;0;0;0;0;1;1;0;0;0;0;0;0;0;0;0;0;0;0;1;1;1;1;1;1;1;1;2;0;0;2;0;0;0;0;0;0;0;0;0;0;2;0;2;2;2;1;1;0;0;0;0;0;NULL;NULL;NULL;NULL;NULL;NULL;NULL;NULL;NULL;NULL;NULL;1;1;1;0;0;0;0;3;3;3;0;3;0;0;3;0;0;0;0;0;0;3;0;0;3;3;3;3;2;0;2;1;1;0;8;1;1;7;7;7;7;7;7;7;7;7;7;0;7;0;7;1;2;0;0;2;0;0;0;0;0;0;0;0;0;0;2;2;0;0;2;0;0;0;0;0;0;0;0;0;0;2
72;76;15.3;1;0;0;0;0;1;1;0;0;0;0;0;0;0;0;0;0;0;0;1;1;1;1;1;1;1;1;2;0;0;2;2;0;0;0;0;0;0;0;0;0;2;0;2;0;0;1;1;0;0;0;0;0;NULL;NULL;NULL;NULL;NULL;NULL;NULL;NULL;NULL;NULL;NULL;1;1;1;0;0;0;0;3;3;3;0;3;0;0;3;3;0;0;0;0;0;3;0;0;3;3;3;3;2;2;2;1;1;1;8;1;1;7;7;7;7;7;7;7;7;7;7;0;7;0;7;1;2;0;0;2;2;0;0;0;0;0;0;0;0;0;2;2;0;0;2;2;0;0;0;0;0;0;0;0;0;2
73;77;15.4;1;0;0;0;0;1;1;0;0;0;0;0;0;0;0;0;0;0;0;1;1;1;1;1;1;1;1;2;0;0;2;2;0;0;0;0;0;0;0;0;0;2;0;2;2;2;1;1;0;0;0;0;0;NULL;NULL;NULL;NULL;NULL;NULL;NULL;NULL;NULL;NULL;NULL;1;1;1;0;0;0;0;3;3;3;0;3;0;0;3;3;0;0;0;0;0;3;0;0;3;3;3;3;2;2;2;1;1;0;8;1;1;7;7;7;7;7;7;7;7;7;7;0;7;0;7;1;2;0;0;2;2;0;0;0;0;0;0;0;0;0;2;2;0;0;2;2;0;0;0;0;0;0;0;0;0;2
74;78;15.5;1;0;0;0;0;1;1;0;0;0;0;0;0;0;0;0;0;0;0;1;1;1;1;1;1;1;1;2;0;0;2;0;0;0;0;0;0;0;0;0;0;2;3;2;0;0;1;1;0;0;0;0;0;NULL;NULL;NULL;NULL;NULL;NULL;NULL;NULL;NULL;NULL;NULL;1;1;1;0;0;0;0;3;3;3;3;3;0;0;3;0;0;0;0;0;0;3;0;0;3;3;3;3;2;0;2;1;1;0;8;1;1;7;7;7;7;7;7;7;7;7;7;0;7;0;7;1;2;0;0;2;0;0;0;0;0;0;0;0;0;0;2;2;0;0;2;0;0;0;0;0;0;0;0;0;0;2
75;79;15.6;1;0;0;0;0;1;1;0;0;0;0;0;0;0;0;0;0;0;0;1;1;1;1;1;1;1;1;2;0;0;2;0;0;0;0;0;0;0;0;0;0;2;3;2;2;2;1;1;0;0;0;0;0;NULL;NULL;NULL;NULL;NULL;NULL;NULL;NULL;NULL;NULL;NULL;1;1;1;0;0;0;0;3;3;3;3;3;0;0;3;0;0;0;0;0;0;3;0;0;3;3;3;3;2;0;2;1;1;0;8;1;1;7;7;7;7;7;7;7;7;7;7;0;7;0;7;1;2;0;0;2;0;0;0;0;0;0;0;0;0;0;2;2;0;0;2;0;0;0;0;0;0;0;0;0;0;2
76;80;15.7;1;0;0;0;0;1;1;0;0;0;0;0;0;0;0;0;0;0;0;1;1;1;1;1;1;1;1;2;0;0;2;2;0;0;0;0;0;0;0;0;0;2;3;2;0;0;1;1;0;0;0;0;0;NULL;NULL;NULL;NULL;NULL;NULL;NULL;NULL;NULL;NULL;NULL;1;1;1;0;0;0;0;3;3;3;3;3;0;0;3;3;0;0;0;0;0;3;0;0;3;3;3;3;2;2;2;1;1;1;8;1;1;7;7;7;7;7;7;7;7;7;7;0;7;0;7;1;2;0;0;2;2;0;0;0;0;0;0;0;0;0;2;2;0;0;2;2;0;0;0;0;0;0;0;0;0;2
77;81;15.8;1;0;0;0;0;1;1;0;0;0;0;0;0;0;0;0;0;0;0;1;1;1;1;1;1;1;1;2;0;0;2;2;0;0;0;0;0;0;0;0;0;2;3;2;2;2;1;1;0;0;0;0;0;NULL;NULL;NULL;NULL;NULL;NULL;NULL;NULL;NULL;NULL;NULL;1;1;1;0;0;0;0;3;3;3;3;3;0;0;3;3;0;0;0;0;0;3;0;0;3;3;3;3;2;2;2;1;1;1;8;1;1;7;7;7;7;7;7;7;7;7;7;0;7;0;7;1;2;0;0;2;2;0;0;0;0;0;0;0;0;0;2;2;0;0;2;2;0;0;0;0;0;0;0;0;0;2
78;82;15.9;1;0;0;0;0;1;1;0;0;0;0;0;0;0;0;0;0;0;0;1;1;1;1;1;1;1;1;0;2;0;2;0;0;0;0;0;0;0;0;0;0;2;0;2;0;0;1;1;0;0;0;0;0;NULL;NULL;NULL;NULL;NULL;NULL;NULL;NULL;NULL;NULL;NULL;1;1;1;0;0;0;0;3;3;3;0;3;0;0;3;0;0;0;0;0;0;3;3;0;3;3;3;3;2;0;2;1;1;0;8;1;1;7;7;7;7;7;7;7;7;7;7;0;7;0;7;1;0;2;0;2;0;0;0;0;0;0;0;0;0;0;2;0;2;0;2;0;0;0;0;0;0;0;0;0;0;2
79;83;6.4;1;0;0;0;0;1;1;0;0;0;0;0;0;0;0;0;0;0;0;1;1;1;1;1;1;1;1;2;0;0;2;2;0;0;0;0;2;0;0;0;0;0;0;2;2;2;1;1;0;0;0;0;0;NULL;NULL;NULL;NULL;NULL;NULL;NULL;NULL;NULL;NULL;NULL;1;1;1;1;1;0;0;3;3;3;0;0;0;0;3;3;0;3;0;3;0;0;0;0;0;3;3;3;2;2;2;1;1;1;8;1;1;7;7;7;7;7;7;7;7;7;7;0;7;0;7;1;2;0;0;2;2;0;0;0;0;2;0;0;0;0;0;2;0;0;2;2;0;0;0;0;2;0;0;0;0;0
80;210;C3.1;1;0;0;0;0;1;1;0;1;0;0;0;0;0;0;0;0;0;0;1;1;NULL;1;1;1;1;1;NULL;NULL;NULL;NULL;0;0;0;0;0;0;0;2;0;0;NULL;NULL;2;0;0;1;1;0;0;0;0;0;NULL;NULL;NULL;NULL;NULL;NULL;NULL;NULL;NULL;NULL;NULL;1;1;1;0;0;0;0;3;3;3;NULL;0;0;0;NULL;0;0;0;0;0;0;3;NULL;0;3;3;3;3;NULL;0;2;1;0;0;8;1;1;7;7;7;7;7;7;7;7;7;7;0;7;0;7;1;NULL;NULL;NULL;NULL;NULL;NULL;NULL;NULL;NULL;NULL;NULL;NULL;NULL;NULL;NULL;NULL;NULL;NULL;NULL;NULL;NULL;NULL;NULL;NULL;NULL;NULL;NULL;NULL;NULL;NULL
81;211;C4.1;1;0;0;0;0;1;1;0;1;0;0;0;0;0;0;0;0;0;0;1;1;NULL;1;1;1;1;1;NULL;NULL;NULL;NULL;0;0;0;0;0;0;0;0;2;0;NULL;NULL;2;0;0;1;1;0;0;0;0;0;NULL;NULL;NULL;NULL;NULL;NULL;NULL;NULL;NULL;NULL;NULL;1;1;1;0;0;0;0;3;3;3;NULL;0;0;0;NULL;0;0;0;0;0;3;3;NULL;3;3;3;3;3;NULL;0;2;1;0;0;8;1;1;7;7;7;7;7;7;7;7;7;7;0;7;0;7;1;NULL;NULL;NULL;NULL;NULL;NULL;NULL;NULL;NULL;NULL;NULL;NULL;NULL;NULL;NULL;NULL;NULL;NULL;NULL;NULL;NULL;NULL;NULL;NULL;NULL;NULL;NULL;NULL;NULL;NULL
82;212;C5.1;1;0;0;0;0;1;1;0;1;0;0;0;0;0;0;0;0;0;0;1;1;NULL;1;1;1;1;1;NULL;NULL;NULL;NULL;0;0;0;0;0;0;0;0;0;2;NULL;NULL;2;0;0;1;1;0;0;0;0;0;NULL;NULL;NULL;NULL;NULL;NULL;NULL;NULL;NULL;NULL;NULL;1;1;1;0;0;0;0;3;3;3;NULL;3;0;0;NULL;0;0;0;0;0;3;3;NULL;3;3;3;3;3;NULL;0;2;1;0;0;8;1;1;7;7;7;7;7;7;7;7;7;7;0;7;0;7;1;NULL;NULL;NULL;NULL;NULL;NULL;NULL;NULL;NULL;NULL;NULL;NULL;NULL;NULL;NULL;NULL;NULL;NULL;NULL;NULL;NULL;NULL;NULL;NULL;NULL;NULL;NULL;NULL;NULL;NULL
83;213;C6.1;1;0;0;0;0;1;1;0;1;0;0;0;0;0;0;0;0;0;0;1;1;NULL;1;1;1;1;1;NULL;NULL;NULL;NULL;0;0;0;0;0;2;0;0;0;0;NULL;NULL;2;0;0;1;1;0;0;0;0;0;NULL;NULL;NULL;NULL;NULL;NULL;NULL;NULL;NULL;NULL;NULL;1;1;1;1;1;0;0;3;3;3;NULL;0;0;0;NULL;0;0;3;0;3;0;0;NULL;0;0;3;3;3;NULL;0;2;1;0;0;8;1;1;7;7;7;7;7;7;7;7;7;7;0;7;0;7;1;NULL;NULL;NULL;NULL;NULL;NULL;NULL;NULL;NULL;NULL;NULL;NULL;NULL;NULL;NULL;NULL;NULL;NULL;NULL;NULL;NULL;NULL;NULL;NULL;NULL;NULL;NULL;NULL;NULL;NULL
84;214;C7.1;1;0;0;0;0;1;1;0;1;0;0;0;0;0;0;0;0;0;0;1;1;NULL;1;1;1;1;1;NULL;NULL;NULL;NULL;0;0;0;0;0;0;2;0;0;0;NULL;NULL;2;0;0;1;1;0;0;0;0;0;NULL;NULL;NULL;NULL;NULL;NULL;NULL;NULL;NULL;NULL;NULL;1;1;1;0;0;1;1;3;3;3;NULL;0;0;0;NULL;0;0;3;0;3;0;0;NULL;0;0;3;3;3;NULL;0;2;1;0;0;8;1;1;7;7;7;7;7;7;7;7;7;7;0;7;0;7;1;NULL;NULL;NULL;NULL;NULL;NULL;NULL;NULL;NULL;NULL;NULL;NULL;NULL;NULL;NULL;NULL;NULL;NULL;NULL;NULL;NULL;NULL;NULL;NULL;NULL;NULL;NULL;NULL;NULL;NULL
85;215;C6.2;1;0;0;0;0;1;1;0;1;0;0;0;0;0;0;0;0;0;0;1;1;NULL;1;1;1;1;1;NULL;NULL;NULL;NULL;0;0;0;0;0;2;0;0;0;0;NULL;NULL;2;2;2;1;1;0;0;0;0;0;NULL;NULL;NULL;NULL;NULL;NULL;NULL;NULL;NULL;NULL;NULL;1;1;1;1;1;0;0;3;3;3;NULL;0;0;0;NULL;0;0;3;3;3;0;0;NULL;0;0;3;3;3;NULL;0;2;1;0;1;8;1;1;7;7;7;7;7;7;7;7;7;7;0;7;0;7;1;NULL;NULL;NULL;NULL;NULL;NULL;NULL;NULL;NULL;NULL;NULL;NULL;NULL;NULL;NULL;NULL;NULL;NULL;NULL;NULL;NULL;NULL;NULL;NULL;NULL;NULL;NULL;NULL;NULL;NULL
86;216;C7.2;1;0;0;0;0;1;1;0;1;0;0;0;0;0;0;0;0;0;0;1;1;NULL;1;1;1;1;1;NULL;NULL;NULL;NULL;0;0;0;0;0;0;2;0;0;0;NULL;NULL;2;2;2;1;1;0;0;0;0;0;NULL;NULL;NULL;NULL;NULL;NULL;NULL;NULL;NULL;NULL;NULL;1;1;1;0;0;1;1;3;3;3;NULL;0;0;0;NULL;0;0;3;3;3;0;0;NULL;0;0;3;3;3;NULL;0;2;1;0;0;8;1;1;7;7;7;7;7;7;7;7;7;7;0;7;0;7;1;NULL;NULL;NULL;NULL;NULL;NULL;NULL;NULL;NULL;NULL;NULL;NULL;NULL;NULL;NULL;NULL;NULL;NULL;NULL;NULL;NULL;NULL;NULL;NULL;NULL;NULL;NULL;NULL;NULL;NULL
87;217;C4.2;1;0;0;0;0;1;1;0;1;0;0;0;0;0;0;0;0;0;0;1;1;NULL;1;1;1;1;1;NULL;NULL;NULL;NULL;0;0;0;0;0;0;0;0;2;0;NULL;NULL;2;2;2;1;1;0;0;0;0;0;NULL;NULL;NULL;NULL;NULL;NULL;NULL;NULL;NULL;NULL;NULL;1;1;1;0;0;0;0;3;3;3;NULL;0;0;0;NULL;0;0;0;0;0;3;3;NULL;3;3;3;3;3;NULL;0;2;1;0;0;8;1;1;7;7;7;7;7;7;7;7;7;7;0;7;0;7;1;NULL;NULL;NULL;NULL;NULL;NULL;NULL;NULL;NULL;NULL;NULL;NULL;NULL;NULL;NULL;NULL;NULL;NULL;NULL;NULL;NULL;NULL;NULL;NULL;NULL;NULL;NULL;NULL;NULL;NULL
88;218;C3.2;1;0;0;0;0;1;1;0;1;0;0;0;0;0;0;0;0;0;0;1;1;NULL;1;1;1;1;1;NULL;NULL;NULL;NULL;0;0;0;0;0;0;0;2;0;0;NULL;NULL;2;2;2;1;1;0;0;0;0;0;NULL;NULL;NULL;NULL;NULL;NULL;NULL;NULL;NULL;NULL;NULL;1;1;1;0;0;0;0;3;3;3;NULL;0;0;0;NULL;0;0;0;0;0;0;3;NULL;0;3;3;3;3;NULL;0;2;1;0;0;8;1;1;7;7;7;7;7;7;7;7;7;7;0;7;0;7;1;NULL;NULL;NULL;NULL;NULL;NULL;NULL;NULL;NULL;NULL;NULL;NULL;NULL;NULL;NULL;NULL;NULL;NULL;NULL;NULL;NULL;NULL;NULL;NULL;NULL;NULL;NULL;NULL;NULL;NULL
89;219;C5.2;1;0;0;0;0;1;1;0;1;0;0;0;0;0;0;0;0;0;0;1;1;NULL;1;1;1;1;1;NULL;NULL;NULL;NULL;0;0;0;0;0;0;0;0;0;2;NULL;NULL;2;2;2;1;1;0;0;0;0;0;NULL;NULL;NULL;NULL;NULL;NULL;NULL;NULL;NULL;NULL;NULL;1;1;1;0;0;0;0;3;3;3;NULL;3;0;0;NULL;0;0;0;0;0;3;3;NULL;3;3;3;3;3;NULL;0;2;1;0;0;8;1;1;7;7;7;7;7;7;7;7;7;7;0;7;0;7;1;NULL;NULL;NULL;NULL;NULL;NULL;NULL;NULL;NULL;NULL;NULL;NULL;NULL;NULL;NULL;NULL;NULL;NULL;NULL;NULL;NULL;NULL;NULL;NULL;NULL;NULL;NULL;NULL;NULL;NULL
90;220;C3.3;1;0;0;0;0;1;1;0;1;0;0;0;0;0;0;0;0;0;0;1;1;NULL;1;1;1;1;1;NULL;NULL;NULL;NULL;2;0;0;0;0;0;0;2;0;0;NULL;NULL;2;0;0;1;1;0;0;0;0;0;NULL;NULL;NULL;NULL;NULL;NULL;NULL;NULL;NULL;NULL;NULL;1;1;1;0;0;0;0;3;3;3;NULL;0;0;0;NULL;3;0;0;0;0;0;3;NULL;0;3;3;3;3;NULL;2;2;1;0;1;8;1;1;7;7;7;7;7;7;7;7;7;7;0;7;0;7;1;NULL;NULL;NULL;NULL;NULL;NULL;NULL;NULL;NULL;NULL;NULL;NULL;NULL;NULL;NULL;NULL;NULL;NULL;NULL;NULL;NULL;NULL;NULL;NULL;NULL;NULL;NULL;NULL;NULL;NULL
91;221;C3.4;1;0;0;0;0;1;1;0;1;0;0;0;0;0;0;0;0;0;0;1;1;NULL;1;1;1;1;1;NULL;NULL;NULL;NULL;2;0;0;0;0;0;0;2;0;0;NULL;NULL;2;2;2;1;1;0;0;0;0;0;NULL;NULL;NULL;NULL;NULL;NULL;NULL;NULL;NULL;NULL;NULL;1;1;1;0;0;0;0;3;3;3;NULL;0;0;0;NULL;3;0;0;0;0;0;3;NULL;0;3;3;3;3;NULL;2;2;1;0;1;8;1;1;7;7;7;7;7;7;7;7;7;7;0;7;0;7;1;NULL;NULL;NULL;NULL;NULL;NULL;NULL;NULL;NULL;NULL;NULL;NULL;NULL;NULL;NULL;NULL;NULL;NULL;NULL;NULL;NULL;NULL;NULL;NULL;NULL;NULL;NULL;NULL;NULL;NULL
92;222;C4.3;1;0;0;0;0;1;1;0;1;0;0;0;0;0;0;0;0;0;0;1;1;NULL;1;1;1;1;1;NULL;NULL;NULL;NULL;2;0;0;0;0;0;0;0;2;0;NULL;NULL;2;0;0;1;1;0;0;0;0;0;NULL;NULL;NULL;NULL;NULL;NULL;NULL;NULL;NULL;NULL;NULL;1;1;1;0;0;0;0;3;3;3;NULL;0;0;0;NULL;3;0;0;0;0;3;3;NULL;3;3;3;3;3;NULL;2;2;1;0;1;8;1;1;7;7;7;7;7;7;7;7;7;7;0;7;0;7;1;NULL;NULL;NULL;NULL;NULL;NULL;NULL;NULL;NULL;NULL;NULL;NULL;NULL;NULL;NULL;NULL;NULL;NULL;NULL;NULL;NULL;NULL;NULL;NULL;NULL;NULL;NULL;NULL;NULL;NULL
93;223;C4.4;1;0;0;0;0;1;1;0;1;0;0;0;0;0;0;0;0;0;0;1;1;NULL;1;1;1;1;1;NULL;NULL;NULL;NULL;2;0;0;0;0;0;0;0;2;0;NULL;NULL;2;2;2;1;1;0;0;0;0;0;NULL;NULL;NULL;NULL;NULL;NULL;NULL;NULL;NULL;NULL;NULL;1;1;1;0;0;0;0;3;3;3;NULL;0;0;0;NULL;3;0;0;0;0;3;3;NULL;3;3;3;3;3;NULL;2;2;1;0;1;8;1;1;7;7;7;7;7;7;7;7;7;7;0;7;0;7;1;NULL;NULL;NULL;NULL;NULL;NULL;NULL;NULL;NULL;NULL;NULL;NULL;NULL;NULL;NULL;NULL;NULL;NULL;NULL;NULL;NULL;NULL;NULL;NULL;NULL;NULL;NULL;NULL;NULL;NULL
94;224;C5.3;1;0;0;0;0;1;1;0;1;0;0;0;0;0;0;0;0;0;0;1;1;NULL;1;1;1;1;1;NULL;NULL;NULL;NULL;2;0;0;0;0;0;0;0;0;2;NULL;NULL;2;0;0;1;1;0;0;0;0;0;NULL;NULL;NULL;NULL;NULL;NULL;NULL;NULL;NULL;NULL;NULL;1;1;1;0;0;0;0;3;3;3;NULL;3;0;0;NULL;3;0;0;0;0;3;3;NULL;3;3;3;3;3;NULL;2;2;1;0;1;8;1;1;7;7;7;7;7;7;7;7;7;7;0;7;0;7;1;NULL;NULL;NULL;NULL;NULL;NULL;NULL;NULL;NULL;NULL;NULL;NULL;NULL;NULL;NULL;NULL;NULL;NULL;NULL;NULL;NULL;NULL;NULL;NULL;NULL;NULL;NULL;NULL;NULL;NULL
95;225;C5.4;1;0;0;0;0;1;1;0;1;0;0;0;0;0;0;0;0;0;0;1;1;NULL;1;1;1;1;1;NULL;NULL;NULL;NULL;2;0;0;0;0;0;0;0;0;2;NULL;NULL;2;2;2;1;1;0;0;0;0;0;NULL;NULL;NULL;NULL;NULL;NULL;NULL;NULL;NULL;NULL;NULL;1;1;1;0;0;0;0;3;3;3;NULL;3;0;0;NULL;3;0;0;0;0;3;3;NULL;3;3;3;3;3;NULL;2;2;1;0;0;8;1;1;7;7;7;7;7;7;7;7;7;7;0;7;0;7;1;NULL;NULL;NULL;NULL;NULL;NULL;NULL;NULL;NULL;NULL;NULL;NULL;NULL;NULL;NULL;NULL;NULL;NULL;NULL;NULL;NULL;NULL;NULL;NULL;NULL;NULL;NULL;NULL;NULL;NULL
96;226;C6.3;1;0;0;0;0;1;1;0;1;0;0;0;0;0;0;0;0;0;0;1;1;NULL;1;1;1;1;1;NULL;NULL;NULL;NULL;2;0;0;0;0;2;0;0;0;0;NULL;NULL;2;0;0;1;1;0;0;0;0;0;NULL;NULL;NULL;NULL;NULL;NULL;NULL;NULL;NULL;NULL;NULL;1;1;1;1;1;0;0;3;3;3;NULL;0;0;0;NULL;3;0;3;0;3;0;0;NULL;0;0;3;3;3;NULL;2;2;1;0;1;8;1;1;7;7;7;7;7;7;7;7;7;7;0;7;0;7;1;NULL;NULL;NULL;NULL;NULL;NULL;NULL;NULL;NULL;NULL;NULL;NULL;NULL;NULL;NULL;NULL;NULL;NULL;NULL;NULL;NULL;NULL;NULL;NULL;NULL;NULL;NULL;NULL;NULL;NULL
97;227;C7.3;1;0;0;0;0;1;1;0;1;0;0;0;0;0;0;0;0;0;0;1;1;NULL;1;1;1;1;1;NULL;NULL;NULL;NULL;2;0;0;0;0;0;2;0;0;0;NULL;NULL;2;0;0;1;1;0;0;0;0;0;NULL;NULL;NULL;NULL;NULL;NULL;NULL;NULL;NULL;NULL;NULL;1;1;1;0;0;1;1;3;3;3;NULL;0;0;0;NULL;3;0;3;0;3;0;0;NULL;0;0;3;3;3;NULL;2;2;1;0;1;8;1;1;7;7;7;7;7;7;7;7;7;7;0;7;0;7;1;NULL;NULL;NULL;NULL;NULL;NULL;NULL;NULL;NULL;NULL;NULL;NULL;NULL;NULL;NULL;NULL;NULL;NULL;NULL;NULL;NULL;NULL;NULL;NULL;NULL;NULL;NULL;NULL;NULL;NULL
98;228;C7.4;1;0;0;0;0;1;1;0;1;0;0;0;0;0;0;0;0;0;0;1;1;NULL;1;1;1;1;1;NULL;NULL;NULL;NULL;2;0;0;0;0;0;2;0;0;0;NULL;NULL;2;2;2;1;1;0;0;0;0;0;NULL;NULL;NULL;NULL;NULL;NULL;NULL;NULL;NULL;NULL;NULL;1;1;1;0;0;1;1;3;3;3;NULL;0;0;0;NULL;3;0;3;3;3;0;0;NULL;0;0;3;3;3;NULL;2;2;1;0;1;8;1;1;7;7;7;7;7;7;7;7;7;7;0;7;0;7;1;NULL;NULL;NULL;NULL;NULL;NULL;NULL;NULL;NULL;NULL;NULL;NULL;NULL;NULL;NULL;NULL;NULL;NULL;NULL;NULL;NULL;NULL;NULL;NULL;NULL;NULL;NULL;NULL;NULL;NULL
99;229;C15.1;1;0;0;0;0;1;1;0;1;0;0;0;0;0;0;0;0;0;0;1;1;NULL;1;1;1;1;1;NULL;NULL;NULL;NULL;0;0;0;0;0;0;0;0;0;0;2;NULL;2;0;0;1;1;0;0;0;0;0;NULL;NULL;NULL;NULL;NULL;NULL;NULL;NULL;NULL;NULL;NULL;1;1;1;0;0;0;0;3;3;3;NULL;3;0;0;NULL;0;0;0;0;0;0;3;NULL;0;3;3;3;3;NULL;0;2;1;0;0;8;1;1;7;7;7;7;7;7;7;7;7;7;0;7;0;7;1;NULL;NULL;NULL;NULL;NULL;NULL;NULL;NULL;NULL;NULL;NULL;NULL;NULL;NULL;NULL;NULL;NULL;NULL;NULL;NULL;NULL;NULL;NULL;NULL;NULL;NULL;NULL;NULL;NULL;NULL
100;230;C15.2;1;0;0;0;0;1;1;0;1;0;0;0;0;0;0;0;0;0;0;1;1;NULL;1;1;1;1;1;NULL;NULL;NULL;NULL;0;0;0;0;0;0;0;0;0;0;2;NULL;2;2;2;1;1;0;0;0;0;0;NULL;NULL;NULL;NULL;NULL;NULL;NULL;NULL;NULL;NULL;NULL;1;1;1;0;0;0;0;3;3;3;NULL;3;0;0;NULL;0;0;0;0;0;0;3;NULL;0;3;3;3;3;NULL;0;2;1;0;0;8;1;1;7;7;7;7;7;7;7;7;7;7;0;7;0;7;1;NULL;NULL;NULL;NULL;NULL;NULL;NULL;NULL;NULL;NULL;NULL;NULL;NULL;NULL;NULL;NULL;NULL;NULL;NULL;NULL;NULL;NULL;NULL;NULL;NULL;NULL;NULL;NULL;NULL;NULL
101;231;C15.3;1;0;0;0;0;1;1;0;1;0;0;0;0;0;0;0;0;0;0;1;1;NULL;1;1;1;1;1;NULL;NULL;NULL;NULL;2;0;0;0;0;0;0;0;0;0;2;NULL;2;0;0;1;1;0;0;0;0;0;NULL;NULL;NULL;NULL;NULL;NULL;NULL;NULL;NULL;NULL;NULL;1;1;1;0;0;0;0;3;3;3;NULL;3;0;0;NULL;3;0;0;0;0;0;3;NULL;0;3;3;3;3;NULL;2;2;1;0;1;8;1;1;7;7;7;7;7;7;7;7;7;7;0;7;0;7;1;NULL;NULL;NULL;NULL;NULL;NULL;NULL;NULL;NULL;NULL;NULL;NULL;NULL;NULL;NULL;NULL;NULL;NULL;NULL;NULL;NULL;NULL;NULL;NULL;NULL;NULL;NULL;NULL;NULL;NULL
102;232;C6.4;1;0;0;0;0;1;1;0;1;0;0;0;0;0;0;0;0;0;0;1;1;NULL;1;1;1;1;1;NULL;NULL;NULL;NULL;2;0;0;0;0;2;0;0;0;0;NULL;NULL;2;2;2;1;1;0;0;0;0;0;NULL;NULL;NULL;NULL;NULL;NULL;NULL;NULL;NULL;NULL;NULL;1;1;1;1;1;0;0;3;3;3;NULL;0;0;0;NULL;3;0;3;0;3;0;0;NULL;0;0;3;3;3;NULL;2;2;1;0;1;8;1;1;7;7;7;7;7;7;7;7;7;7;0;7;0;7;1;NULL;NULL;NULL;NULL;NULL;NULL;NULL;NULL;NULL;NULL;NULL;NULL;NULL;NULL;NULL;NULL;NULL;NULL;NULL;NULL;NULL;NULL;NULL;NULL;NULL;NULL;NULL;NULL;NULL;NULL
103;233;C15.4;1;0;0;0;0;1;1;0;1;0;0;0;0;0;0;0;0;0;0;1;1;NULL;1;1;1;1;1;NULL;NULL;NULL;NULL;2;0;0;0;0;0;0;0;0;0;2;NULL;2;2;2;1;1;0;0;0;0;0;NULL;NULL;NULL;NULL;NULL;NULL;NULL;NULL;NULL;NULL;NULL;1;1;1;0;0;0;0;3;3;3;NULL;3;0;0;NULL;3;0;0;0;0;0;3;NULL;0;3;3;3;3;NULL;2;2;1;0;1;8;1;1;7;7;7;7;7;7;7;7;7;7;0;7;0;7;1;NULL;NULL;NULL;NULL;NULL;NULL;NULL;NULL;NULL;NULL;NULL;NULL;NULL;NULL;NULL;NULL;NULL;NULL;NULL;NULL;NULL;NULL;NULL;NULL;NULL;NULL;NULL;NULL;NULL;NULL
